artist_id,genre
7jVv8c5Fj3E9VhNjxT4snq,country rap
7jVv8c5Fj3E9VhNjxT4snq,lgbtq+ hip hop
7jVv8c5Fj3E9VhNjxT4snq,pop rap
7jVv8c5Fj3E9VhNjxT4snq,queer country
1uNFoZAHBGtllmzznpCI3s,canadian pop
1uNFoZAHBGtllmzznpCI3s,pop
1uNFoZAHBGtllmzznpCI3s,post-teen pop
20wkVLutqVOYrc0kxFs7rA,canadian contemporary r&b
20wkVLutqVOYrc0kxFs7rA,pop
20wkVLutqVOYrc0kxFs7rA,r&b
4fxd5Ee7UefO4CUXgwJ7IP,pop
4fxd5Ee7UefO4CUXgwJ7IP,r&b
6AgTAQt8XS6jRWi4sX7w49,chicago rap
1uU7g3DNSbsu0QjSEqZtEd,australian hip hop
1McMsnEElThX1knmY4oliG,alt z
1McMsnEElThX1knmY4oliG,pop
1McMsnEElThX1knmY4oliG,post-teen pop
5cj0lLjcoR7YOSnhnX0Po5,dance pop
5cj0lLjcoR7YOSnhnX0Po5,pop
5cj0lLjcoR7YOSnhnX0Po5,pop rap
7tYKF4w9nC0nq9CsPZTHyP,pop
7tYKF4w9nC0nq9CsPZTHyP,pop rap
7tYKF4w9nC0nq9CsPZTHyP,r&b
0du5cEVh5yTK9QJze8zA0C,dance pop
0du5cEVh5yTK9QJze8zA0C,pop
0du5cEVh5yTK9QJze8zA0C,post-teen pop
3jK9MiCrA42lLAdMGUZpwa,escape room
1Xyo4u8uXC1ZmMpatF05PJ,canadian contemporary r&b
1Xyo4u8uXC1ZmMpatF05PJ,canadian pop
1Xyo4u8uXC1ZmMpatF05PJ,pop
0n6sKrG0xKAf8xmdqeNGke,latin
0n6sKrG0xKAf8xmdqeNGke,reggaeton
0n6sKrG0xKAf8xmdqeNGke,reggaeton flow
0n6sKrG0xKAf8xmdqeNGke,trap latino
3E6xrwgnVfYCrCs0ePERDz,latin
3E6xrwgnVfYCrCs0ePERDz,latin hip hop
3E6xrwgnVfYCrCs0ePERDz,reggaeton
3E6xrwgnVfYCrCs0ePERDz,trap latino
3E6xrwgnVfYCrCs0ePERDz,tropical
0EFisYRi20PTADoJrifHrz,latin
0EFisYRi20PTADoJrifHrz,reggaeton
0EFisYRi20PTADoJrifHrz,trap latino
6M2wZ9GZgrQXHCFfjv46we,dance pop
6M2wZ9GZgrQXHCFfjv46we,pop
6M2wZ9GZgrQXHCFfjv46we,uk pop
4r63FhuTkUYltbVAg5TQnk,north carolina hip hop
4r63FhuTkUYltbVAg5TQnk,rap
1U1el3k54VvEUzo3ybLPlM,colombian pop
1U1el3k54VvEUzo3ybLPlM,pop
4q3ewBCX7sLwd24euuV69X,latin
4q3ewBCX7sLwd24euuV69X,reggaeton
4q3ewBCX7sLwd24euuV69X,trap latino
2o5jDhtHVPhrJdv3cEQ99Z,big room
2o5jDhtHVPhrJdv3cEQ99Z,brostep
2o5jDhtHVPhrJdv3cEQ99Z,dance pop
2o5jDhtHVPhrJdv3cEQ99Z,dutch edm
2o5jDhtHVPhrJdv3cEQ99Z,edm
2o5jDhtHVPhrJdv3cEQ99Z,house
2o5jDhtHVPhrJdv3cEQ99Z,pop
2o5jDhtHVPhrJdv3cEQ99Z,pop dance
2o5jDhtHVPhrJdv3cEQ99Z,slap house
2o5jDhtHVPhrJdv3cEQ99Z,trance
2o5jDhtHVPhrJdv3cEQ99Z,tropical house
4kYSro6naA4h99UJvo89HB,pop
4kYSro6naA4h99UJvo89HB,pop rap
4kYSro6naA4h99UJvo89HB,post-teen pop
4kYSro6naA4h99UJvo89HB,rap
7i9j813KFoSBMldGqlh2Z1,dance pop
7i9j813KFoSBMldGqlh2Z1,house
7i9j813KFoSBMldGqlh2Z1,pop dance
7i9j813KFoSBMldGqlh2Z1,tropical house
7i9j813KFoSBMldGqlh2Z1,uk dance
6jGMq4yGs7aQzuGsMgVgZR,brooklyn drill
6jGMq4yGs7aQzuGsMgVgZR,melodic rap
6jGMq4yGs7aQzuGsMgVgZR,nyc rap
4IVAbR2w4JJNJDDRFP3E83,alternative r&b
4IVAbR2w4JJNJDDRFP3E83,atl hip hop
4IVAbR2w4JJNJDDRFP3E83,hip hop
4IVAbR2w4JJNJDDRFP3E83,melodic rap
4IVAbR2w4JJNJDDRFP3E83,pop rap
4IVAbR2w4JJNJDDRFP3E83,r&b
4IVAbR2w4JJNJDDRFP3E83,rap
4IVAbR2w4JJNJDDRFP3E83,trap
1WgXqy2Dd70QQOU7Ay074N,art pop
1WgXqy2Dd70QQOU7Ay074N,norwegian pop
2tIP7SsRs7vjIcLrU85W8J,australian hip hop
6fWVd57NKTalqvmjRd2t8Z,cali rap
6ASri4ePR7RlsvIQgWPJpS,melodic rap
6ASri4ePR7RlsvIQgWPJpS,pop rap
3klZnJvYGIbWritVwQD434,dutch pop
7iK8PXO48WeuP03g8YR51W,trap latino
2LmcxBak1alK1bf7d1beTr,latin
2LmcxBak1alK1bf7d1beTr,reggaeton
2LmcxBak1alK1bf7d1beTr,reggaeton flow
2LmcxBak1alK1bf7d1beTr,trap latino
06HL4z0CvFAxyc27GXpf02,pop
06HL4z0CvFAxyc27GXpf02,post-teen pop
4yvcSjfu4PC0CYQyLy4wSq,gauze pop
4yvcSjfu4PC0CYQyLy4wSq,indietronica
4yvcSjfu4PC0CYQyLy4wSq,shiver pop
6KImCVD70vtIoJWnq6nGn3,pop
6KImCVD70vtIoJWnq6nGn3,post-teen pop
7jZM5w05mGhw6wTB1okhD9,german dance
7jZM5w05mGhw6wTB1okhD9,german techno
7jZM5w05mGhw6wTB1okhD9,german trance
7jZM5w05mGhw6wTB1okhD9,trance
0u6GtibW46tFX7koQ6uNJZ,dance pop
0u6GtibW46tFX7koQ6uNJZ,edm
0u6GtibW46tFX7koQ6uNJZ,german dance
0u6GtibW46tFX7koQ6uNJZ,pop dance
0u6GtibW46tFX7koQ6uNJZ,pop edm
0u6GtibW46tFX7koQ6uNJZ,tropical house
5Wg2b4Mp42gicxEeDNawf7,scandipop
3Nrfpe0tUJi4K4DXYWgMUX,k-pop
3Nrfpe0tUJi4K4DXYWgMUX,k-pop boy group
77ziqFxp5gaInVrF2lj4ht,latin
77ziqFxp5gaInVrF2lj4ht,panamanian pop
77ziqFxp5gaInVrF2lj4ht,reggaeton
77ziqFxp5gaInVrF2lj4ht,trap latino
7ltDVBr6mKbRvohxheJ9h1,r&b en espanol
0Y5tJX1MQlPlqiwlOH1tJY,rap
0Y5tJX1MQlPlqiwlOH1tJY,slap house
2o08sCWF5yyo2G4DCiT7T9,slap house
4GNC7GD6oZMSxPGyXy4MNB,pop
4GNC7GD6oZMSxPGyXy4MNB,uk pop
04gDigrS5kc9YWfZHwBETP,pop
04gDigrS5kc9YWfZHwBETP,pop rock
181bsRPaVXVlUKXrxwZfHK,houston rap
181bsRPaVXVlUKXrxwZfHK,pop
181bsRPaVXVlUKXrxwZfHK,pop rap
181bsRPaVXVlUKXrxwZfHK,trap queen
0C8ZW7ezQVs4URX5aX7Kqx,dance pop
0C8ZW7ezQVs4URX5aX7Kqx,pop
0C8ZW7ezQVs4URX5aX7Kqx,post-teen pop
1mcTU81TzQhprhouKaTkpq,puerto rican pop
1mcTU81TzQhprhouKaTkpq,trap latino
4riOEaOW5hCeqomFDBk0aP,dembow
4riOEaOW5hCeqomFDBk0aP,rap dominicano
4riOEaOW5hCeqomFDBk0aP,trap latino
2UZIAOlrnyZmyzt1nuXr9y,argentine hip hop
2UZIAOlrnyZmyzt1nuXr9y,r&b argentino
2UZIAOlrnyZmyzt1nuXr9y,trap argentino
2UZIAOlrnyZmyzt1nuXr9y,trap latino
66CXWjxzNUsdJxJ2JdwvnR,pop
66CXWjxzNUsdJxJ2JdwvnR,post-teen pop
6cK3NBO6uP7hh0oyuVELFl,cali rap
6cK3NBO6uP7hh0oyuVELFl,dance pop
6cK3NBO6uP7hh0oyuVELFl,pop
6cK3NBO6uP7hh0oyuVELFl,pop rap
6cK3NBO6uP7hh0oyuVELFl,post-teen pop
6cK3NBO6uP7hh0oyuVELFl,r&b
6cK3NBO6uP7hh0oyuVELFl,trap queen
6S2OmqARrzebs0tKUEyXyp,dance pop
6S2OmqARrzebs0tKUEyXyp,pop
6S2OmqARrzebs0tKUEyXyp,post-teen pop
6DgP9otnZw5z6daOntINxp,dance pop
6DgP9otnZw5z6daOntINxp,edm
6DgP9otnZw5z6daOntINxp,house
6DgP9otnZw5z6daOntINxp,pop dance
6DgP9otnZw5z6daOntINxp,tropical house
6DgP9otnZw5z6daOntINxp,uk dance
7uMh23xWiuR7zsNkuNcm2G,tropical house
7uMh23xWiuR7zsNkuNcm2G,uk contemporary r&b
7uMh23xWiuR7zsNkuNcm2G,uk dance
6MPCFvOQv5cIGfw3jODMF0,pop rap
6MPCFvOQv5cIGfw3jODMF0,rap
6MPCFvOQv5cIGfw3jODMF0,trap
2hlmm7s2ICUX0LVIhVFlZQ,atl hip hop
2hlmm7s2ICUX0LVIhVFlZQ,melodic rap
2hlmm7s2ICUX0LVIhVFlZQ,rap
2hlmm7s2ICUX0LVIhVFlZQ,trap
4Gso3d4CscCijv0lmajZWs,rap
4Gso3d4CscCijv0lmajZWs,trap
7rkW85dBwwrJtlHRDkJDAC,canadian hip hop
7rkW85dBwwrJtlHRDkJDAC,melodic rap
7rkW85dBwwrJtlHRDkJDAC,pop rap
7rkW85dBwwrJtlHRDkJDAC,rap
7rkW85dBwwrJtlHRDkJDAC,toronto rap
7rkW85dBwwrJtlHRDkJDAC,trap
0xRXCcSX89eobfrshSVdyu,dance pop
0xRXCcSX89eobfrshSVdyu,edm
0xRXCcSX89eobfrshSVdyu,pop dance
0xRXCcSX89eobfrshSVdyu,pop house
0xRXCcSX89eobfrshSVdyu,tropical house
5KNNVgR6LBIABRIomyCwKJ,folk-pop
5KNNVgR6LBIABRIomyCwKJ,irish pop
5KNNVgR6LBIABRIomyCwKJ,pop
4m6ubhNsdwF4psNf3R8kwR,argentine hip hop
4m6ubhNsdwF4psNf3R8kwR,trap argentino
4m6ubhNsdwF4psNf3R8kwR,trap latino
4m6ubhNsdwF4psNf3R8kwR,trap triste
1bAftSH8umNcGZ0uyV7LMg,argentine hip hop
1bAftSH8umNcGZ0uyV7LMg,trap argentino
1bAftSH8umNcGZ0uyV7LMg,trap latino
1bAftSH8umNcGZ0uyV7LMg,trap triste
3Apb2lGmGJaBmr0TTBJvIZ,trap argentino
3Apb2lGmGJaBmr0TTBJvIZ,trap triste
1DxLCyH42yaHKGK3cl5bvG,pop argentino
1DxLCyH42yaHKGK3cl5bvG,trap latino
1vqR17Iv8VFdzure1TAXEq,argentine hip hop
1vqR17Iv8VFdzure1TAXEq,trap argentino
1vqR17Iv8VFdzure1TAXEq,trap triste
5Y3MV9DZ0d87NnVm56qSY1,trap argentino
716NhGYqD1jl2wI1Qkgq36,argentine hip hop
716NhGYqD1jl2wI1Qkgq36,pop venezolano
716NhGYqD1jl2wI1Qkgq36,trap argentino
716NhGYqD1jl2wI1Qkgq36,trap latino
1Z7q2glJYLsPpPoPIgBjdE,rkt
5hdhHgpxyniooUiQVaPxQ0,latin
5hdhHgpxyniooUiQVaPxQ0,reggaeton
5hdhHgpxyniooUiQVaPxQ0,trap latino
5hdhHgpxyniooUiQVaPxQ0,tropical
2oT7xd9iTO2ejLsNGIMa5f,reggaeton
2oT7xd9iTO2ejLsNGIMa5f,trap latino
6w3SkAHYPsQ1bxV7VDlG5y,argentine hip hop
6w3SkAHYPsQ1bxV7VDlG5y,latin
6w3SkAHYPsQ1bxV7VDlG5y,latin pop
6w3SkAHYPsQ1bxV7VDlG5y,rap latina
6w3SkAHYPsQ1bxV7VDlG5y,reggaeton
6w3SkAHYPsQ1bxV7VDlG5y,trap argentino
6w3SkAHYPsQ1bxV7VDlG5y,trap latino
2R21vXR83lH98kGeO99Y66,latin
2R21vXR83lH98kGeO99Y66,reggaeton
2R21vXR83lH98kGeO99Y66,reggaeton flow
2R21vXR83lH98kGeO99Y66,trap boricua
2R21vXR83lH98kGeO99Y66,trap latino
48R2gYdPKtfnfKAzhSVPUx,cumbia pop
28gNT5KBp7IjEOQoevXf9N,colombian pop
28gNT5KBp7IjEOQoevXf9N,reggaeton colombiano
2oQX8QiMXOyuqbcZEFsZfm,dembow
2oQX8QiMXOyuqbcZEFsZfm,latin
2oQX8QiMXOyuqbcZEFsZfm,rap dominicano
2oQX8QiMXOyuqbcZEFsZfm,reggaeton
2oQX8QiMXOyuqbcZEFsZfm,trap latino
2oQX8QiMXOyuqbcZEFsZfm,tropical
1aw0Cdl1DIrtUrUA6fGbAR,argentine reggae
1aw0Cdl1DIrtUrUA6fGbAR,argentine rock
1aw0Cdl1DIrtUrUA6fGbAR,latin alternative
1aw0Cdl1DIrtUrUA6fGbAR,rock en espanol
52qzWdNUp6ebjcNsvgZSiC,pop venezolano
790FomKkXshlbRYZFtlgla,latin
790FomKkXshlbRYZFtlgla,reggaeton
790FomKkXshlbRYZFtlgla,reggaeton colombiano
790FomKkXshlbRYZFtlgla,trap latino
14zUHaJZo1mnYtn6IBRaRP,latin
14zUHaJZo1mnYtn6IBRaRP,reggaeton
14zUHaJZo1mnYtn6IBRaRP,trap latino
0tmwSHipWxN12fsoLcFU3B,colombian pop
0tmwSHipWxN12fsoLcFU3B,latin
0tmwSHipWxN12fsoLcFU3B,latin pop
0tmwSHipWxN12fsoLcFU3B,reggaeton
0tmwSHipWxN12fsoLcFU3B,reggaeton colombiano
0tmwSHipWxN12fsoLcFU3B,trap latino
0tmwSHipWxN12fsoLcFU3B,tropical
4kcQWQDK0u9AftVSpdrAgk,trap argentino
4kcQWQDK0u9AftVSpdrAgk,trap triste
7kXCcNRLEnblbTAppPraBp,reggaeton
7kXCcNRLEnblbTAppPraBp,reggaeton flow
7kXCcNRLEnblbTAppPraBp,trap latino
329e4yvIujISKGKz1BZZbO,latin
329e4yvIujISKGKz1BZZbO,latin hip hop
329e4yvIujISKGKz1BZZbO,reggaeton
329e4yvIujISKGKz1BZZbO,trap latino
329e4yvIujISKGKz1BZZbO,tropical
2cPqdH7XMvwaBJEVjheH8g,latin
2cPqdH7XMvwaBJEVjheH8g,reggaeton
2cPqdH7XMvwaBJEVjheH8g,trap latino
6kq4GHwUcUojGIu0ziSNXf,latin
6kq4GHwUcUojGIu0ziSNXf,latin hip hop
6kq4GHwUcUojGIu0ziSNXf,rap dominicano
6kq4GHwUcUojGIu0ziSNXf,reggaeton
6kq4GHwUcUojGIu0ziSNXf,reggaeton flow
6kq4GHwUcUojGIu0ziSNXf,trap latino
6kq4GHwUcUojGIu0ziSNXf,tropical
7HSeegdmjLYRJpkOYIaZIW,cumbia pop
1kyy6AW7C6Rr2jrYwz95Gi,cumbia pop
07YUOmWljBTXwIseAUd9TW,colombian pop
07YUOmWljBTXwIseAUd9TW,latin
07YUOmWljBTXwIseAUd9TW,latin pop
07YUOmWljBTXwIseAUd9TW,reggaeton
07YUOmWljBTXwIseAUd9TW,reggaeton colombiano
07YUOmWljBTXwIseAUd9TW,trap latino
0BqURncJM5B1BBu7UM51eq,latin
0BqURncJM5B1BBu7UM51eq,reggaeton
0BqURncJM5B1BBu7UM51eq,reggaeton flow
0BqURncJM5B1BBu7UM51eq,trap latino
1i8SpTcr7yvPOmcqrbnVXY,latin
1i8SpTcr7yvPOmcqrbnVXY,puerto rican pop
1i8SpTcr7yvPOmcqrbnVXY,reggaeton
1i8SpTcr7yvPOmcqrbnVXY,trap latino
1vyhD5VmyZ7KMfW5gqLgo5,latin
1vyhD5VmyZ7KMfW5gqLgo5,reggaeton
1vyhD5VmyZ7KMfW5gqLgo5,reggaeton colombiano
1vyhD5VmyZ7KMfW5gqLgo5,trap latino
37230BxxYs9ksS7OkZw3IU,reggaeton flow
37230BxxYs9ksS7OkZw3IU,trap latino
1SupJlEpv7RS2tPNRaHViT,latin
1SupJlEpv7RS2tPNRaHViT,latin hip hop
1SupJlEpv7RS2tPNRaHViT,reggaeton
1SupJlEpv7RS2tPNRaHViT,trap latino
1SupJlEpv7RS2tPNRaHViT,tropical
4cJD9t5QBFTUQcd3xfbOb2,trap argentino
3VHAySZQPlfGlNLslzXYpN,r&b en espanol
3VHAySZQPlfGlNLslzXYpN,rap latina
1fux65HMCBvfJHqlBc4Nno,latin
1fux65HMCBvfJHqlBc4Nno,latin hip hop
1fux65HMCBvfJHqlBc4Nno,reggaeton
1fux65HMCBvfJHqlBc4Nno,reggaeton flow
1fux65HMCBvfJHqlBc4Nno,trap latino
1fux65HMCBvfJHqlBc4Nno,tropical
1wZtkThiXbVNtj6hee6dz9,electro latino
1wZtkThiXbVNtj6hee6dz9,latin
1wZtkThiXbVNtj6hee6dz9,latin hip hop
1wZtkThiXbVNtj6hee6dz9,reggaeton
1wZtkThiXbVNtj6hee6dz9,trap latino
1wZtkThiXbVNtj6hee6dz9,tropical
0KKUc4amZyvswV2YL6WTar,latin pop
0KKUc4amZyvswV2YL6WTar,rap latina
0KKUc4amZyvswV2YL6WTar,trap latino
0eecdvMrqBftK0M1VKhaF4,boy band
0eecdvMrqBftK0M1VKhaF4,latin
0eecdvMrqBftK0M1VKhaF4,latin pop
0eecdvMrqBftK0M1VKhaF4,reggaeton
4VMYDCV2IEDYJArk749S6m,latin
4VMYDCV2IEDYJArk749S6m,latin hip hop
4VMYDCV2IEDYJArk749S6m,reggaeton
4VMYDCV2IEDYJArk749S6m,trap latino
4VMYDCV2IEDYJArk749S6m,tropical
47MpMsUfWtgyIIBEFOr4FE,latin
47MpMsUfWtgyIIBEFOr4FE,latin pop
47MpMsUfWtgyIIBEFOr4FE,reggaeton
47MpMsUfWtgyIIBEFOr4FE,reggaeton flow
47MpMsUfWtgyIIBEFOr4FE,trap latino
47MpMsUfWtgyIIBEFOr4FE,tropical
1r4hJ1h58CWwUQe3MxPuau,latin
1r4hJ1h58CWwUQe3MxPuau,reggaeton
1r4hJ1h58CWwUQe3MxPuau,reggaeton colombiano
1KCSPY1glIKqW2TotWuXOR,dance pop
1KCSPY1glIKqW2TotWuXOR,pop
1KCSPY1glIKqW2TotWuXOR,post-teen pop
0gAILSEru1PKMwP0tAqNLS,show tunes
137W8MRPWKqSmrBGDBFSop,hip hop
137W8MRPWKqSmrBGDBFSop,pittsburgh rap
137W8MRPWKqSmrBGDBFSop,pop rap
137W8MRPWKqSmrBGDBFSop,rap
137W8MRPWKqSmrBGDBFSop,southern hip hop
137W8MRPWKqSmrBGDBFSop,trap
67hb7towEyKvt5Z8Bx306c,alternative dance
67hb7towEyKvt5Z8Bx306c,australian dance
67hb7towEyKvt5Z8Bx306c,australian electropop
67hb7towEyKvt5Z8Bx306c,dance rock
67hb7towEyKvt5Z8Bx306c,electropop
67hb7towEyKvt5Z8Bx306c,indietronica
67hb7towEyKvt5Z8Bx306c,neo-synthpop
67hb7towEyKvt5Z8Bx306c,new rave
3FoFW2AoUGRHBacC6i4x4p,uk drill
3FoFW2AoUGRHBacC6i4x4p,uk hip hop
7b79bQFziJFedJb75k6hFt,london rap
7b79bQFziJFedJb75k6hFt,uk hip hop
4npEfmQ6YuiwW1GpUmaq3F,dance pop
4npEfmQ6YuiwW1GpUmaq3F,pop
2NjfBq1NflQcKSeiDooVjY,australian pop
2NjfBq1NflQcKSeiDooVjY,pop
6s22t5Y3prQHyaHWUN1R1C,modern rock
1anyVhU62p31KFi8MEzkbf,chicago rap
1anyVhU62p31KFi8MEzkbf,conscious hip hop
1anyVhU62p31KFi8MEzkbf,hip hop
1anyVhU62p31KFi8MEzkbf,pop rap
1anyVhU62p31KFi8MEzkbf,rap
5KKpBU5eC2tJDzf0wmlRp2,dance pop
5KKpBU5eC2tJDzf0wmlRp2,pop
5KKpBU5eC2tJDzf0wmlRp2,pop dance
5KKpBU5eC2tJDzf0wmlRp2,post-teen pop
5KKpBU5eC2tJDzf0wmlRp2,tropical house
5KKpBU5eC2tJDzf0wmlRp2,uk contemporary r&b
5KKpBU5eC2tJDzf0wmlRp2,uk pop
1Cs0zKBU1kc0i8ypK3B9ai,big room
1Cs0zKBU1kc0i8ypK3B9ai,dance pop
1Cs0zKBU1kc0i8ypK3B9ai,edm
1Cs0zKBU1kc0i8ypK3B9ai,pop
1Cs0zKBU1kc0i8ypK3B9ai,pop dance
08GQAI4eElDnROBrJRGE0X,album rock
08GQAI4eElDnROBrJRGE0X,classic rock
08GQAI4eElDnROBrJRGE0X,mellow gold
08GQAI4eElDnROBrJRGE0X,rock
08GQAI4eElDnROBrJRGE0X,soft rock
08GQAI4eElDnROBrJRGE0X,yacht rock
45dkTj5sMRSjrmBSBeiHym,alt z
45dkTj5sMRSjrmBSBeiHym,electropop
45dkTj5sMRSjrmBSBeiHym,pop
45dkTj5sMRSjrmBSBeiHym,post-teen pop
0eDvMgVFoNV3TpwtrVCoTj,brooklyn drill
6L1XC7NrmgWRlwAeLJvVtA,australian pop
6L1XC7NrmgWRlwAeLJvVtA,pop
6L1XC7NrmgWRlwAeLJvVtA,post-teen pop
6L1XC7NrmgWRlwAeLJvVtA,uk pop
4hK7sEnm0se5bqoI3Yb5o1,german hip hop
4Yttlv9ndGjCDCVLqM7ACq,german hip hop
4Yttlv9ndGjCDCVLqM7ACq,german pop
6h1s4i4XKIYv4ErDelLDN0,german hip hop
3CJKkU0XuElRT1z8rEtIYg,german drill
3CJKkU0XuElRT1z8rEtIYg,german hip hop
76dRoxKtDwYkgCQePok9cU,german hip hop
3ZuBEj9ppJe8GSdKaMTfMN,german hip hop
3ZuBEj9ppJe8GSdKaMTfMN,swedish hip hop
4sVieJlKgpZ2k9ESNS5IdN,german hip hop
13bDjug9N0pyv3ZUINjkDV,german hip hop
13bDjug9N0pyv3ZUINjkDV,german pop
1qQLhymHXFPtP5U8KNKsm6,german hip hop
7ADRm1oT7VmhRRZrZqycV6,german alternative rap
7ADRm1oT7VmhRRZrZqycV6,german trap
7ADRm1oT7VmhRRZrZqycV6,tekk
7oWrEQO1d3klp0Qrfh7a5h,frauenrap
7oWrEQO1d3klp0Qrfh7a5h,german drill
7oWrEQO1d3klp0Qrfh7a5h,german hip hop
03d2mJXSMtuPI0nIvLnhoS,german pop
4AKwRarlmsUlLjIwt38NLw,edm
4AKwRarlmsUlLjIwt38NLw,new french touch
4AKwRarlmsUlLjIwt38NLw,pop dance
4AKwRarlmsUlLjIwt38NLw,tropical house
0bmxU94V20pNJ2Vie9kFYv,german pop
09agIJMxCD2k87ys9Al0f0,dance pop
09agIJMxCD2k87ys9Al0f0,german dance
09agIJMxCD2k87ys9Al0f0,pop dance
09agIJMxCD2k87ys9Al0f0,slap house
09agIJMxCD2k87ys9Al0f0,tropical house
6eUKZXaKkcviH0Ku9w2n3V,pop
6eUKZXaKkcviH0Ku9w2n3V,uk pop
2fsk4VlJdNF6G8cCMDrrzB,nyc pop
3ufl0BckLId1MPMWvCppQM,cincinnati rap
3tQzzidoPfVifoURnDfgmD,german trap
2txHhyCwHjUEpJjWrEyqyX,neo mellow
2txHhyCwHjUEpJjWrEyqyX,pop
46aNfN89JrOQTCy97GoCHa,german pop rock
07YZf4WDAMNwqr4jfgOZ8y,dance pop
07YZf4WDAMNwqr4jfgOZ8y,pop
07YZf4WDAMNwqr4jfgOZ8y,pop rap
07YZf4WDAMNwqr4jfgOZ8y,post-teen pop
3t5xRXzsuZmMDkQzgOX35S,dance pop
3t5xRXzsuZmMDkQzgOX35S,deep euro house
3t5xRXzsuZmMDkQzgOX35S,deep house
3t5xRXzsuZmMDkQzgOX35S,edm
3t5xRXzsuZmMDkQzgOX35S,german dance
3t5xRXzsuZmMDkQzgOX35S,pop
3t5xRXzsuZmMDkQzgOX35S,pop dance
3t5xRXzsuZmMDkQzgOX35S,tropical house
5pXe6yFchq1oyYK3rq2A8i,scandipop
4mrBetqy378Jf1y6NLszlx,dance pop
4mrBetqy378Jf1y6NLszlx,edm
4mrBetqy378Jf1y6NLszlx,electro house
4mrBetqy378Jf1y6NLszlx,melbourne bounce international
4mrBetqy378Jf1y6NLszlx,pop dance
4mrBetqy378Jf1y6NLszlx,slap house
4mrBetqy378Jf1y6NLszlx,tropical house
18Zq5h68TQ6kurXzRNHJDo,german alternative rap
18Zq5h68TQ6kurXzRNHJDo,german underground rap
1aS5tqEs9ci5P9KD9tZWa6,german hip hop
1aS5tqEs9ci5P9KD9tZWa6,hamburg hip hop
2j2rh3oQh4QEUnNTDKYSJD,deep german hip hop
2j2rh3oQh4QEUnNTDKYSJD,german hip hop
2j2rh3oQh4QEUnNTDKYSJD,hamburg hip hop
10XY9PZCJKzUFzZOdtlQLU,german hip hop
10XY9PZCJKzUFzZOdtlQLU,hamburg hip hop
5qZLYtTL3ldN6Uw7OXHESR,deep german hip hop
5qZLYtTL3ldN6Uw7OXHESR,german hip hop
5qZLYtTL3ldN6Uw7OXHESR,german underground rap
7aASXckUdNXJ5X338n8C1D,turbo folk
3QVolfxko2UyCOtexhVTli,belgian pop
3QVolfxko2UyCOtexhVTli,variete francaise
1yxSLGMDHlW21z4YXirZDS,dance pop
1yxSLGMDHlW21z4YXirZDS,pop
1yxSLGMDHlW21z4YXirZDS,pop rap
0EmeFodog0BfCgMzAIvKQp,colombian pop
0EmeFodog0BfCgMzAIvKQp,dance pop
0EmeFodog0BfCgMzAIvKQp,latin
0EmeFodog0BfCgMzAIvKQp,latin pop
0EmeFodog0BfCgMzAIvKQp,pop
5gqmbbfjcikQBzPB5Hv13I,drill francais
5gqmbbfjcikQBzPB5Hv13I,french hip hop
5gqmbbfjcikQBzPB5Hv13I,pop urbaine
5gqmbbfjcikQBzPB5Hv13I,rap francais
7hdCH3dJ27WvUbo00gAMwE,kleinkunst
6o5sl0TGublDPXyMHdMq1E,francoton
6o5sl0TGublDPXyMHdMq1E,pop urbaine
7f5Zgnp2spUuuzKplmRkt7,belgian edm
7f5Zgnp2spUuuzKplmRkt7,edm
7f5Zgnp2spUuuzKplmRkt7,pop
7f5Zgnp2spUuuzKplmRkt7,pop dance
7f5Zgnp2spUuuzKplmRkt7,tropical house
5WxnXxSCyhDSyi6elhBZd4,dutch pop
7arQA31aZVS8yS6zUveWzb,trap
4LcUpNlXFEleaLlelmkv2R,dutch house
4LcUpNlXFEleaLlelmkv2R,dutch pop
4LcUpNlXFEleaLlelmkv2R,pop dance
4LcUpNlXFEleaLlelmkv2R,tropical house
5yDkaiPTFbHGWCMXAEBt5Q,dutch hip hop
5yDkaiPTFbHGWCMXAEBt5Q,dutch pop
53XhwfbYqKCa1cC15pYq2q,modern rock
53XhwfbYqKCa1cC15pYq2q,rock
1HY2Jd0NmPuamShAr6KMms,dance pop
1HY2Jd0NmPuamShAr6KMms,pop
1HY2Jd0NmPuamShAr6KMms,post-teen pop
4VIvfOurcf0vuLRxLkGnIG,hollywood
1RBzGO6Nm3uyhUSxP7EDWO,latin
1RBzGO6Nm3uyhUSxP7EDWO,latin hip hop
1RBzGO6Nm3uyhUSxP7EDWO,reggaeton
1RBzGO6Nm3uyhUSxP7EDWO,reggaeton colombiano
1RBzGO6Nm3uyhUSxP7EDWO,reggaeton flow
1RBzGO6Nm3uyhUSxP7EDWO,trap latino
1RBzGO6Nm3uyhUSxP7EDWO,tropical
6w9ToX5slZ4uIdmD17hJ3c,latin
6w9ToX5slZ4uIdmD17hJ3c,reggaeton
6w9ToX5slZ4uIdmD17hJ3c,reggaeton flow
6w9ToX5slZ4uIdmD17hJ3c,trap latino
6w9ToX5slZ4uIdmD17hJ3c,tropical
1Ts9of7VPZElwPQnqnDSfW,latin
1Ts9of7VPZElwPQnqnDSfW,reggaeton
1Ts9of7VPZElwPQnqnDSfW,reggaeton flow
1Ts9of7VPZElwPQnqnDSfW,trap boricua
1Ts9of7VPZElwPQnqnDSfW,trap latino
1pQWsZQehhS4wavwh7Fnxd,latin
1pQWsZQehhS4wavwh7Fnxd,reggaeton
1pQWsZQehhS4wavwh7Fnxd,reggaeton flow
1pQWsZQehhS4wavwh7Fnxd,trap argentino
1pQWsZQehhS4wavwh7Fnxd,trap latino
4bw2Am3p9ji3mYsXNXtQcd,colombian pop
4bw2Am3p9ji3mYsXNXtQcd,latin
4bw2Am3p9ji3mYsXNXtQcd,latin pop
4bw2Am3p9ji3mYsXNXtQcd,reggaeton
4bw2Am3p9ji3mYsXNXtQcd,reggaeton colombiano
4bw2Am3p9ji3mYsXNXtQcd,trap latino
0XwVARXT135rw8lyw1EeWP,mariachi
0XwVARXT135rw8lyw1EeWP,nuevo regional mexicano
0XwVARXT135rw8lyw1EeWP,ranchera
0XwVARXT135rw8lyw1EeWP,regional mexican
5lwmRuXgjX8xIwlnauTZIP,bachata
5lwmRuXgjX8xIwlnauTZIP,latin
5lwmRuXgjX8xIwlnauTZIP,tropical
7a0XAaPaK2aDSqa8p3QnC7,reggaeton colombiano
2T1aUibqR2QC2sINIDQOAK,reggaeton flow
64aJYyrXljOodnUG6jvhRD,latin
64aJYyrXljOodnUG6jvhRD,latin hip hop
64aJYyrXljOodnUG6jvhRD,reggaeton
64aJYyrXljOodnUG6jvhRD,reggaeton flow
64aJYyrXljOodnUG6jvhRD,trap latino
64aJYyrXljOodnUG6jvhRD,tropical
1TtXnWcUs0FCkaZDPGYHdf,latin
1TtXnWcUs0FCkaZDPGYHdf,latin hip hop
1TtXnWcUs0FCkaZDPGYHdf,reggaeton
1TtXnWcUs0FCkaZDPGYHdf,reggaeton flow
1TtXnWcUs0FCkaZDPGYHdf,trap latino
2ydZrTy8U3kOMOzx20s3dg,latin
2ydZrTy8U3kOMOzx20s3dg,latin hip hop
2ydZrTy8U3kOMOzx20s3dg,reggaeton
2ydZrTy8U3kOMOzx20s3dg,reggaeton flow
2ydZrTy8U3kOMOzx20s3dg,trap latino
2ydZrTy8U3kOMOzx20s3dg,tropical
6ZtLRqHEkAXPWVw0eRbDac,trap venezolano
41QLxRXlc2NwfJZkHGHKid,sertanejo
41QLxRXlc2NwfJZkHGHKid,sertanejo pop
41QLxRXlc2NwfJZkHGHKid,sertanejo universitario
2zWqENF4cnsd1nLmraG9IE,funk carioca
0NGAZxHanS9e0iNHpR8f2W,electro house
0NGAZxHanS9e0iNHpR8f2W,pop nacional
0NGAZxHanS9e0iNHpR8f2W,slap house
7Lmrb6KcIzfkmgbtokjsAL,batidao romantico
7Lmrb6KcIzfkmgbtokjsAL,funk carioca
7Lmrb6KcIzfkmgbtokjsAL,funk ostentacao
7Lmrb6KcIzfkmgbtokjsAL,funk paulista
0IhzJFf4QBEz0ifqLwScKV,brazilian edm
0IhzJFf4QBEz0ifqLwScKV,funk carioca
0IhzJFf4QBEz0ifqLwScKV,rave funk
0NiaKn55OzJswiYevvlKfz,forro
3k68C6mNMJL6OaAdWeW2ZF,sertanejo
3k68C6mNMJL6OaAdWeW2ZF,sertanejo pop
3k68C6mNMJL6OaAdWeW2ZF,sertanejo universitario
5JXhkyafynxCvxtov7C1PV,sertanejo
5JXhkyafynxCvxtov7C1PV,sertanejo pop
5JXhkyafynxCvxtov7C1PV,sertanejo universitario
1AL2GKpmRrKXkYIcASuRFa,forro
5Lv2GUVwqmQBPwrTrxucE5,forro
5Lv2GUVwqmQBPwrTrxucE5,piseiro
6gLW5LlLEXdtWaS0EWfzaJ,sertanejo pop
6gLW5LlLEXdtWaS0EWfzaJ,sertanejo universitario
68YeXpLt3jB7JHQS5ZjMGo,trap baiano
5nP8x4uEFjAAmDzwOEc9b8,r&b brasileiro
5nP8x4uEFjAAmDzwOEc9b8,rap cearense
5nP8x4uEFjAAmDzwOEc9b8,trap brasileiro
1LIuN7ov1IBQDdLsU83ojl,sertanejo pop
1elUiq4X7pxej6FRlrEzjM,sertanejo
1elUiq4X7pxej6FRlrEzjM,sertanejo universitario
0RPzmE1iY76tx1eBBXFyYn,forro
0RPzmE1iY76tx1eBBXFyYn,piseiro
0RPzmE1iY76tx1eBBXFyYn,sertanejo pop
43DRDu6nLSeIedZ7T1A616,forro de favela
43DRDu6nLSeIedZ7T1A616,funk carioca
43DRDu6nLSeIedZ7T1A616,sertanejo pop
3PZTvUS5fUUhV3EKAjqdZk,rave funk
28ie4NNTa2VW2QV4Zray8M,funk carioca
28ie4NNTa2VW2QV4Zray8M,funk ostentacao
6PERJZF7wohA034PAxDK0b,trap brasileiro
25XJqeReVV38w0tR04GGBd,trap carioca
25XJqeReVV38w0tR04GGBd,trap funk
3TJGVUkSJzk5ZPixMFczZX,sertanejo pop
5wbf52LA6kcaboHSN6NEF1,funk carioca
1yR65psqiazQpeM79CcGh8,sertanejo
487N2T9nIPEHrlTZLL3SQs,sertanejo
487N2T9nIPEHrlTZLL3SQs,sertanejo pop
487N2T9nIPEHrlTZLL3SQs,sertanejo universitario
6xlRSRMLgZbsSNd0BMobwy,brazilian edm
6xlRSRMLgZbsSNd0BMobwy,funk carioca
6xlRSRMLgZbsSNd0BMobwy,funk das antigas
5YwzDz4RJfTiMHS4tdR5Lf,brazilian hip hop
5YwzDz4RJfTiMHS4tdR5Lf,funk carioca
5YwzDz4RJfTiMHS4tdR5Lf,trap brasileiro
3CDoRporvSjdzTrm99a3gi,funk carioca
3CDoRporvSjdzTrm99a3gi,funk pop
3CDoRporvSjdzTrm99a3gi,pagode baiano
3CDoRporvSjdzTrm99a3gi,pop nacional
1TYJOhNSxMOODWiDVhuyZb,brazilian hip hop
1mV9h1AwhRXSjBFcYpajgY,funk carioca
1mV9h1AwhRXSjBFcYpajgY,funk ostentacao
1mV9h1AwhRXSjBFcYpajgY,funk paulista
0MInKJqZscEeNc5K3K0mkE,funk carioca
0MInKJqZscEeNc5K3K0mkE,pop nacional
0MInKJqZscEeNc5K3K0mkE,sertanejo
0MInKJqZscEeNc5K3K0mkE,sertanejo pop
0MInKJqZscEeNc5K3K0mkE,sertanejo universitario
2Z0lRIqr997lIUiPtrpKCr,pop nacional
2Z0lRIqr997lIUiPtrpKCr,sertanejo pop
2Z0lRIqr997lIUiPtrpKCr,sertanejo universitario
1oSgjdbgLYULVmEBojPRw8,sertanejo
1oSgjdbgLYULVmEBojPRw8,sertanejo pop
1oSgjdbgLYULVmEBojPRw8,sertanejo universitario
1OwYxVDNKP9JtSpp5E0uA4,funk bh
1OwYxVDNKP9JtSpp5E0uA4,funk carioca
1OwYxVDNKP9JtSpp5E0uA4,funk ostentacao
1JQLCxphQYlnbokiEvfB8o,funk carioca
22jNvLBrXGKr4CcV2tw8Ag,forro
22jNvLBrXGKr4CcV2tw8Ag,sertanejo
22jNvLBrXGKr4CcV2tw8Ag,sertanejo pop
22jNvLBrXGKr4CcV2tw8Ag,sertanejo universitario
7MiDcPa6UiV3In7lIM71IN,sertanejo
7MiDcPa6UiV3In7lIM71IN,sertanejo universitario
1cNPXWhKfjI0fT5EMCnamR,funk carioca
1cNPXWhKfjI0fT5EMCnamR,funk paulista
1cNPXWhKfjI0fT5EMCnamR,rave funk
1WXbiUMl1AT9Inb619xPUg,rap baixada fluminense
1WXbiUMl1AT9Inb619xPUg,trap carioca
6m6e7D2TnV0aYMllFFwMxu,sertanejo pop
0JjPiLQNgAFaEkwoy56B1C,funk carioca
0JjPiLQNgAFaEkwoy56B1C,pop rap brasileiro
6ZiGAU6TJQEyidFQ22eIOS,funk carioca
6ZiGAU6TJQEyidFQ22eIOS,rave funk
4PzYKhC14sTJNEr0dzoo0d,funk carioca
4PzYKhC14sTJNEr0dzoo0d,pop nacional
6tzRZ39aZlNqlUzQlkuhDV,dance pop
6tzRZ39aZlNqlUzQlkuhDV,funk carioca
6tzRZ39aZlNqlUzQlkuhDV,funk pop
6tzRZ39aZlNqlUzQlkuhDV,pop
6tzRZ39aZlNqlUzQlkuhDV,pop lgbtq+ brasileira
6tzRZ39aZlNqlUzQlkuhDV,pop nacional
7FNnA9vBm6EKceENgCGRMb,funk carioca
7FNnA9vBm6EKceENgCGRMb,funk pop
7FNnA9vBm6EKceENgCGRMb,pagode baiano
7FNnA9vBm6EKceENgCGRMb,pop nacional
1sPg5EHuQXTMElpZ4iUgXe,folk brasileiro
1sPg5EHuQXTMElpZ4iUgXe,nova mpb
1sPg5EHuQXTMElpZ4iUgXe,pop lgbtq+ brasileira
1sPg5EHuQXTMElpZ4iUgXe,pop nacional
1sPg5EHuQXTMElpZ4iUgXe,portuguese pop
7dnT2FUXhjirperXaH22IJ,bossa nova
7dnT2FUXhjirperXaH22IJ,brazilian rock
7dnT2FUXhjirperXaH22IJ,mpb
7dnT2FUXhjirperXaH22IJ,nova mpb
7dnT2FUXhjirperXaH22IJ,tropicalia
0pcoadNMmvrUyab1RxWBoV,funk carioca
0pcoadNMmvrUyab1RxWBoV,funk consciente
0pcoadNMmvrUyab1RxWBoV,funk ostentacao
0pcoadNMmvrUyab1RxWBoV,funk paulista
14jVHWj9dqpLhs8hHEMnyJ,funk carioca
0vLuOi2k62sHujIfplInlK,brazilian hip hop
0vLuOi2k62sHujIfplInlK,rap df
0vLuOi2k62sHujIfplInlK,trap brasileiro
37mqXU98U5GmH5ZDtlHM1c,forro
37mqXU98U5GmH5ZDtlHM1c,sertanejo pop
4NUePmzDvCYqilXBFa91Hg,pagode
4NUePmzDvCYqilXBFa91Hg,pagode novo
4NUePmzDvCYqilXBFa91Hg,sertanejo pop
0NsJZ5PMjqghGDuMzY7CuT,sertanejo
0NsJZ5PMjqghGDuMzY7CuT,sertanejo pop
0NsJZ5PMjqghGDuMzY7CuT,sertanejo universitario
3vIccdVCJt0pImyvORjoQP,bulgarian pop
4hcbbb8RBjFjCuMhmVv1b9,bulgarian pop
4hcbbb8RBjFjCuMhmVv1b9,bulgarian rock
4hcbbb8RBjFjCuMhmVv1b9,chalga
4oopAFtLdKXCoq2XoEjDZD,bulgarian hip hop
4oopAFtLdKXCoq2XoEjDZD,bulgarian pop
4oopAFtLdKXCoq2XoEjDZD,chalga
42APSc9etBGptl3otzihIZ,bulgarian pop
42APSc9etBGptl3otzihIZ,chalga
3PyJHH2wyfQK3WZrk9rpmP,alt z
3PyJHH2wyfQK3WZrk9rpmP,electropop
3PyJHH2wyfQK3WZrk9rpmP,escape room
3PyJHH2wyfQK3WZrk9rpmP,pop
6lay1nwbE6hTx1jivysUAL,escape room
6lay1nwbE6hTx1jivysUAL,lgbtq+ hip hop
6lay1nwbE6hTx1jivysUAL,trap queen
556XyBuO17TCo0Bviw5nCW,balkan trap
556XyBuO17TCo0Bviw5nCW,bulgarian pop
77SW9BnxLY8rJ0RciFqkHh,modern alternative rock
77SW9BnxLY8rJ0RciFqkHh,modern rock
77SW9BnxLY8rJ0RciFqkHh,pop
77SW9BnxLY8rJ0RciFqkHh,shimmer pop
757aE44tKEUQEqRuT6GnEB,melodic rap
757aE44tKEUQEqRuT6GnEB,rap
757aE44tKEUQEqRuT6GnEB,trap
5f7VJjfbwm532GiveGC0ZK,atl hip hop
5f7VJjfbwm532GiveGC0ZK,atl trap
5f7VJjfbwm532GiveGC0ZK,rap
5f7VJjfbwm532GiveGC0ZK,trap
5YGY8feqx7naU7z4HrwZM6,dance pop
5YGY8feqx7naU7z4HrwZM6,pop
5YGY8feqx7naU7z4HrwZM6,post-teen pop
4AZihrM3P96d5mA9kvsxxH,bulgarian pop
4AZihrM3P96d5mA9kvsxxH,chalga
4FTXvsvz433gZR67rhxFfN,bulgarian pop
4FTXvsvz433gZR67rhxFfN,chalga
09dmaVobfJspAF2KEumlH8,chalga
1UUQq3z2RCIqSE1eiP00Jv,bulgarian pop
0msxvaLjlsLIudZFYaRFCP,bulgarian hip hop
3TVXtAsR1Inumwj472S9r4,canadian hip hop
3TVXtAsR1Inumwj472S9r4,canadian pop
3TVXtAsR1Inumwj472S9r4,hip hop
3TVXtAsR1Inumwj472S9r4,pop rap
3TVXtAsR1Inumwj472S9r4,rap
3TVXtAsR1Inumwj472S9r4,toronto rap
14CHVeJGrR5xgUGQFV5BVM,brooklyn drill
14CHVeJGrR5xgUGQFV5BVM,new york drill
14CHVeJGrR5xgUGQFV5BVM,trap
6LuN9FCkKOj5PcnpouEgny,alternative r&b
6LuN9FCkKOj5PcnpouEgny,pop
4DdkRBBYG6Yk9Ka8tdJ9BW,atl hip hop
4DdkRBBYG6Yk9Ka8tdJ9BW,hip hop
4DdkRBBYG6Yk9Ka8tdJ9BW,pop rap
4DdkRBBYG6Yk9Ka8tdJ9BW,rap
4DdkRBBYG6Yk9Ka8tdJ9BW,southern hip hop
4DdkRBBYG6Yk9Ka8tdJ9BW,trap
3tJoFztHeIJkJWMrx0td2f,hip hop
3tJoFztHeIJkJWMrx0td2f,rap
3tJoFztHeIJkJWMrx0td2f,southern hip hop
3tJoFztHeIJkJWMrx0td2f,tennessee hip hop
3tJoFztHeIJkJWMrx0td2f,trap
0H39MdGGX6dbnnQPt6NQkZ,melodic rap
0H39MdGGX6dbnnQPt6NQkZ,pop rap
0H39MdGGX6dbnnQPt6NQkZ,rap
0H39MdGGX6dbnnQPt6NQkZ,slap house
5rGrDvrLOV2VV8SCFVGWlj,edm
5rGrDvrLOV2VV8SCFVGWlj,electro house
5rGrDvrLOV2VV8SCFVGWlj,pop dance
5rGrDvrLOV2VV8SCFVGWlj,slap house
5rGrDvrLOV2VV8SCFVGWlj,tropical house
6TIYQ3jFPwQSRmorSezPxX,ohio hip hop
6TIYQ3jFPwQSRmorSezPxX,pop rap
2cFrymmkijnjDg9SS92EPM,electropop
2cFrymmkijnjDg9SS92EPM,pop
2cFrymmkijnjDg9SS92EPM,pop rap
7thOJx5gcuoJcEcaoHsPAk,reggaeton flow
7thOJx5gcuoJcEcaoHsPAk,trap latino
0NnUMWDCDi1snuMja6IdxH,trap chileno
0NnUMWDCDi1snuMja6IdxH,trap latino
1SiLK8gdECx2iEm2SSj0Bl,trap latino
2DspEsT7UXGKd2VaaedgG4,latin
2DspEsT7UXGKd2VaaedgG4,reggaeton
2DspEsT7UXGKd2VaaedgG4,reggaeton flow
2DspEsT7UXGKd2VaaedgG4,trap latino
6p2442ymrT9lZEuCZJdYcH,latin
6p2442ymrT9lZEuCZJdYcH,latin hip hop
6p2442ymrT9lZEuCZJdYcH,latin pop
6p2442ymrT9lZEuCZJdYcH,rap latina
6p2442ymrT9lZEuCZJdYcH,reggaeton
6p2442ymrT9lZEuCZJdYcH,trap latino
6p2442ymrT9lZEuCZJdYcH,tropical
1pgDilWYDWLoOgGjf1iHNu,latin
1pgDilWYDWLoOgGjf1iHNu,latin hip hop
1pgDilWYDWLoOgGjf1iHNu,reggaeton
1pgDilWYDWLoOgGjf1iHNu,reggaeton flow
1pgDilWYDWLoOgGjf1iHNu,trap latino
1pgDilWYDWLoOgGjf1iHNu,tropical
5mgqYTU6dhKlEdi7DOy4uU,latin
5mgqYTU6dhKlEdi7DOy4uU,latin hip hop
5mgqYTU6dhKlEdi7DOy4uU,perreo
5mgqYTU6dhKlEdi7DOy4uU,reggaeton
5mgqYTU6dhKlEdi7DOy4uU,reggaeton flow
5mgqYTU6dhKlEdi7DOy4uU,trap latino
5mgqYTU6dhKlEdi7DOy4uU,tropical
7rOlQwf8OuFLFQp4aydjBt,latin pop
7rOlQwf8OuFLFQp4aydjBt,reggaeton chileno
7rOlQwf8OuFLFQp4aydjBt,trap chileno
7rOlQwf8OuFLFQp4aydjBt,trap latino
0GM7qgcRCORpGnfcN2tCiB,latin
0GM7qgcRCORpGnfcN2tCiB,latin hip hop
0GM7qgcRCORpGnfcN2tCiB,latin pop
0GM7qgcRCORpGnfcN2tCiB,pop reggaeton
0GM7qgcRCORpGnfcN2tCiB,reggaeton
0GM7qgcRCORpGnfcN2tCiB,reggaeton flow
0GM7qgcRCORpGnfcN2tCiB,trap latino
0GM7qgcRCORpGnfcN2tCiB,tropical
1WMwuNKzEFtU6pPkdtryYS,latin
1WMwuNKzEFtU6pPkdtryYS,latin hip hop
1WMwuNKzEFtU6pPkdtryYS,reggaeton
1WMwuNKzEFtU6pPkdtryYS,reggaeton flow
1WMwuNKzEFtU6pPkdtryYS,trap latino
1WMwuNKzEFtU6pPkdtryYS,tropical
6W5uA6CNMf3hd2j4a2XWCx,francoton
6W5uA6CNMf3hd2j4a2XWCx,french hip hop
6W5uA6CNMf3hd2j4a2XWCx,pop urbaine
6W5uA6CNMf3hd2j4a2XWCx,rap francais
6W5uA6CNMf3hd2j4a2XWCx,rap marseille
7gU9VyFRN3JWPJ5oHOil60,francoton
7gU9VyFRN3JWPJ5oHOil60,pop urbaine
1SxuyHZnLUFyFHGzdGaxZk,francoton
78Die3Gb8yaElTmGCa7m7N,francoton
78Die3Gb8yaElTmGCa7m7N,french hip hop
78Die3Gb8yaElTmGCa7m7N,pop urbaine
78Die3Gb8yaElTmGCa7m7N,rap francais
6Te49r3A6f5BiIgBRxH7FH,french hip hop
6Te49r3A6f5BiIgBRxH7FH,pop urbaine
58wXmynHaAWI5hwlPZP3qL,french hip hop
58wXmynHaAWI5hwlPZP3qL,old school rap francais
58wXmynHaAWI5hwlPZP3qL,pop urbaine
58wXmynHaAWI5hwlPZP3qL,rap conscient
7J0JxtOPMKWufOraoIqjiH,french hip hop
7J0JxtOPMKWufOraoIqjiH,pop urbaine
7J0JxtOPMKWufOraoIqjiH,rap francais
2kXKa3aAFngGz2P4GjG5w2,pop urbaine
2kXKa3aAFngGz2P4GjG5w2,rap marseille
4fDx6CTJ4KWhnAg6TvwmWe,francoton
4fDx6CTJ4KWhnAg6TvwmWe,french hip hop
4fDx6CTJ4KWhnAg6TvwmWe,pop urbaine
4fDx6CTJ4KWhnAg6TvwmWe,rap francais
1f1DjtYgH6yBzBSiGteBJl,rap antillais
1f1DjtYgH6yBzBSiGteBJl,zouk riddim
76Pl0epAMXVXJspaSuz8im,drill francais
19u3RGWKsjmbg9eI6zAiNp,french hip hop
19u3RGWKsjmbg9eI6zAiNp,pop urbaine
19u3RGWKsjmbg9eI6zAiNp,rap francais
5RaQ9nmVGoTye2SI76x3yw,french hip hop
5RaQ9nmVGoTye2SI76x3yw,pop urbaine
5RaQ9nmVGoTye2SI76x3yw,rap francais
5RaQ9nmVGoTye2SI76x3yw,rap marseille
3IW7ScrzXmPvZhB27hmfgy,francoton
3IW7ScrzXmPvZhB27hmfgy,rap marseille
0oeiA5U9u1U45Gos5cywUU,french hip hop
0oeiA5U9u1U45Gos5cywUU,pop urbaine
0oeiA5U9u1U45Gos5cywUU,rap francais
0oeiA5U9u1U45Gos5cywUU,rap marseille
2IoSLl3tqYMq9DzR0d6NJN,francoton
2IoSLl3tqYMq9DzR0d6NJN,french hip hop
2IoSLl3tqYMq9DzR0d6NJN,pop urbaine
2IoSLl3tqYMq9DzR0d6NJN,rap francais
2IoSLl3tqYMq9DzR0d6NJN,rap marseille
6zrOXBaNn0DqJeXxgC2eyH,pop urbaine
63MCBZRiUdnqRsAOJwijiB,francoton
63MCBZRiUdnqRsAOJwijiB,french hip hop
63MCBZRiUdnqRsAOJwijiB,pop urbaine
63MCBZRiUdnqRsAOJwijiB,rap francais
2kIs76sEGiulKeqetZq6ua,francoton
2kIs76sEGiulKeqetZq6ua,french hip hop
2kIs76sEGiulKeqetZq6ua,pop urbaine
2kIs76sEGiulKeqetZq6ua,rap calme
2kIs76sEGiulKeqetZq6ua,rap francais
2z2TRvloJt4EfUNQp9rHAi,francoton
2z2TRvloJt4EfUNQp9rHAi,french hip hop
2z2TRvloJt4EfUNQp9rHAi,french pop
2z2TRvloJt4EfUNQp9rHAi,pop urbaine
2z2TRvloJt4EfUNQp9rHAi,rap francais
2z2TRvloJt4EfUNQp9rHAi,rap marseille
15jZ8OLtnGATWHlQkltG7f,chanson
15jZ8OLtnGATWHlQkltG7f,francoton
15jZ8OLtnGATWHlQkltG7f,french pop
05hirnMeVIzCrcUxbrysZU,francoton
05hirnMeVIzCrcUxbrysZU,french hip hop
05hirnMeVIzCrcUxbrysZU,pop urbaine
46wEUZyujVrFSrdCnTKQmV,francoton
46wEUZyujVrFSrdCnTKQmV,french pop
46wEUZyujVrFSrdCnTKQmV,pop urbaine
5nH2klYTzn8CNvUv1GOGQO,francoton
5nH2klYTzn8CNvUv1GOGQO,pop urbaine
3vUMXQ9kPnZAQkMkZZ7Hfh,rap francais
5WUlDfRSoLAfcVSX1WnrxN,australian dance
5WUlDfRSoLAfcVSX1WnrxN,australian pop
5WUlDfRSoLAfcVSX1WnrxN,pop
5MynxBz4ZMqvUzpcxTZl4C,french indie pop
5MynxBz4ZMqvUzpcxTZl4C,french indietronica
5MynxBz4ZMqvUzpcxTZl4C,french pop
5MynxBz4ZMqvUzpcxTZl4C,new french touch
0LKAV3zJ8a8AIGnyc5OvfB,french hip hop
0LKAV3zJ8a8AIGnyc5OvfB,pop urbaine
0LKAV3zJ8a8AIGnyc5OvfB,rap francais
5hREZP0zTQbTLkZ2M8RS4v,french hip hop
5hREZP0zTQbTLkZ2M8RS4v,pop urbaine
5hREZP0zTQbTLkZ2M8RS4v,rap conscient
5hREZP0zTQbTLkZ2M8RS4v,rap francais
0fA0VVWsXO9YnASrzqfmYu,hip hop
0fA0VVWsXO9YnASrzqfmYu,ohio hip hop
0fA0VVWsXO9YnASrzqfmYu,rap
66Ok6bgC570sHkw08N20pZ,french hip hop
66Ok6bgC570sHkw08N20pZ,pop urbaine
66Ok6bgC570sHkw08N20pZ,rap francais
2UwqpfQtNuhBwviIC0f2ie,belgian hip hop
2UwqpfQtNuhBwviIC0f2ie,french hip hop
2UwqpfQtNuhBwviIC0f2ie,pop urbaine
2UwqpfQtNuhBwviIC0f2ie,rap belge
2UwqpfQtNuhBwviIC0f2ie,rap conscient
2EFpb61Lpi0l5ldOiqbZkK,francoton
2EFpb61Lpi0l5ldOiqbZkK,french hip hop
2EFpb61Lpi0l5ldOiqbZkK,pop urbaine
2EFpb61Lpi0l5ldOiqbZkK,rap francais
4VuARVJiWGsH2msKTdsKdQ,albanian hip hop
4VuARVJiWGsH2msKTdsKdQ,deep german hip hop
4VuARVJiWGsH2msKTdsKdQ,german drill
4VuARVJiWGsH2msKTdsKdQ,german hip hop
7qXzy6c5RWT0XlVQcOBIDG,german pop
5Yo5iU2nf4H41waPl4ZnS1,german pop
2jXb8AWz82Sn3RRGOaia7a,antideutsche
2jXb8AWz82Sn3RRGOaia7a,german indie
2jXb8AWz82Sn3RRGOaia7a,indie deutschrap
3nDNDLcZuSto4k9u4AbcLB,german hip hop
3nDNDLcZuSto4k9u4AbcLB,german pop
1SnSPHBs8l5iAvoWF0aO05,german hip hop
1SnSPHBs8l5iAvoWF0aO05,german pop
1SnSPHBs8l5iAvoWF0aO05,german r&b
1SnSPHBs8l5iAvoWF0aO05,german trap
4WoSAKuoaPxrbwp3Y1PvKb,german hip hop
4WoSAKuoaPxrbwp3Y1PvKb,german underground rap
2rEVnwCPBeGkWMv425KoG1,german pop
12xme1fwd3iGEW7rF9b6tp,german pop
1kiq2kUV0cbLUhJsr7cpW0,norwegian pop
5jewGMrZtMNJk5OsZ61Cpo,cantopop
3tvtGR8HzMHDbkLeZrFiBI,cantopop
2MVfNjocvNrE03cQuxpsWK,c-pop
2MVfNjocvNrE03cQuxpsWK,cantopop
1SCaQu3jTbcKIjy8aC7KHa,cantopop
1SCaQu3jTbcKIjy8aC7KHa,hong kong hip hop
1qW9Pi35NXnu7Q8KWyVYe6,cantopop
6B9YF4eOv99klogeZUzkYM,cantopop
2JBUyLiFvpFPWdZGqIGYLD,chinese indie
2JBUyLiFvpFPWdZGqIGYLD,mandopop
2JBUyLiFvpFPWdZGqIGYLD,taiwan indie
2JBUyLiFvpFPWdZGqIGYLD,taiwan singer-songwriter
5r0xeBSRKRJ5Dm63XzTZhE,c-pop
5r0xeBSRKRJ5Dm63XzTZhE,cantopop
3oONGjPFxkb1rqTtFx8fl2,cantopop
2QcZxAgcs2I1q7CtCkl6MI,c-pop
2QcZxAgcs2I1q7CtCkl6MI,cantopop
2QcZxAgcs2I1q7CtCkl6MI,mandopop
6V1SwiosQqf5XvmoTMCGa9,cantopop
0DwdA5ZgTJcIQ2uIhc110D,cantopop
1VSepPOw3REo0L6LFeii0Q,cantopop
6FH5vFm7hqDm3UzEAYuizY,cantopop
3HqSLMAZ3g3d5poNaI7GOU,k-pop
6f4srX54JFrLNK4aTJe2Sc,mainland chinese pop
6f4srX54JFrLNK4aTJe2Sc,mandopop
6jlz5QSUqbKE4vnzo2qfP1,c-pop
6jlz5QSUqbKE4vnzo2qfP1,cantopop
6jlz5QSUqbKE4vnzo2qfP1,classic mandopop
6jlz5QSUqbKE4vnzo2qfP1,mandopop
2zzKlxMsKTPMsZacZCPRNA,c-pop
2zzKlxMsKTPMsZacZCPRNA,cantopop
0u3m5Sy2zsq4Gk0aduH9s7,cantopop
0u3m5Sy2zsq4Gk0aduH9s7,chinese indie
0u3m5Sy2zsq4Gk0aduH9s7,hong kong indie
3TtgOeQcNkf9WVDA4xPBJM,mandopop
3TtgOeQcNkf9WVDA4xPBJM,taiwan idol pop
3TtgOeQcNkf9WVDA4xPBJM,taiwan pop
1DgBVE3lCnC7Osg9zpAt6N,c-pop
1DgBVE3lCnC7Osg9zpAt6N,cantopop
64tJ2EAv1R6UaZqc4iOCyj,j-pop
64tJ2EAv1R6UaZqc4iOCyj,japanese teen pop
41MozSoPIsD1dJM0CLPjZF,k-pop
41MozSoPIsD1dJM0CLPjZF,k-pop girl group
0ixzjrK1wkN2zWBXt3VW3W,j-pop
0ixzjrK1wkN2zWBXt3VW3W,japanese singer-songwriter
0ixzjrK1wkN2zWBXt3VW3W,japanese teen pop
7jGn8qhLb48n7yMMNfAoHv,city pop
7jGn8qhLb48n7yMMNfAoHv,j-pop
7jGn8qhLb48n7yMMNfAoHv,j-poprock
7jGn8qhLb48n7yMMNfAoHv,j-rock
7jGn8qhLb48n7yMMNfAoHv,japanese alternative rock
3z8diLlUCkN1j9N9ZdnfBJ,j-pop
6mEQK9m2krja6X1cfsAjfl,japanese teen pop
7lbSsjYACZHn1MSDXPxNF2,classic j-pop
7lbSsjYACZHn1MSDXPxNF2,j-pop
7lbSsjYACZHn1MSDXPxNF2,japanese singer-songwriter
0blbVefuxOGltDBa00dspv,anime
0blbVefuxOGltDBa00dspv,anime rock
0blbVefuxOGltDBa00dspv,j-pixie
0blbVefuxOGltDBa00dspv,j-pop
58oPVy7oihAEXE0Ott6JOf,anime
58oPVy7oihAEXE0Ott6JOf,anime rock
6n4SsAp5VjvIBg3s9QCcPX,anime rock
6n4SsAp5VjvIBg3s9QCcPX,j-pop
6n4SsAp5VjvIBg3s9QCcPX,japanese punk rock
7JthQ6zwNzfxRfIEjp6wUs,j-pop
7JthQ6zwNzfxRfIEjp6wUs,japanese singer-songwriter
7JthQ6zwNzfxRfIEjp6wUs,japanese teen pop
3jpPlA4ASvE9TlObazOIee,j-pop
3jpPlA4ASvE9TlObazOIee,japanese pop rap
7kOrrFIBIBc8uCu2zbxbLv,j-pop
7kOrrFIBIBc8uCu2zbxbLv,japanese teen pop
5kVZa4lFUmAQlBogl1fkd6,j-acoustic
5kVZa4lFUmAQlBogl1fkd6,j-pop
3BjFX1nExMNHvSaoLd1I1k,j-pop
3BjFX1nExMNHvSaoLd1I1k,japanese teen pop
2IUl3m1H1EQ7QfNbNWvgru,j-pop
2IUl3m1H1EQ7QfNbNWvgru,japanese soul
0jJmZHZHNe8n24Y33z5Nil,j-division
0jJmZHZHNe8n24Y33z5Nil,j-pop
5Vo1hnCRmCM6M4thZCInCj,anime rock
5Vo1hnCRmCM6M4thZCInCj,j-pop
6wxfx1yhyqjCPYwwxJktR2,j-pop
6wxfx1yhyqjCPYwwxJktR2,j-rock
0jWCX6zp4RjWrmZRxJ2uri,j-pop
0jWCX6zp4RjWrmZRxJ2uri,j-rock
1snhtMLeb2DYoMOcVbb8iB,anime
1snhtMLeb2DYoMOcVbb8iB,j-pop
2sd5k8N8cAOm6Q8OCcePw4,j-pop
2sd5k8N8cAOm6Q8OCcePw4,japanese pop rap
2sd5k8N8cAOm6Q8OCcePw4,japanese teen pop
31iJDnqpS43YIG18nTFx14,japanese chill rap
4QvgGvpgzgyUOo8Yp8LDm9,anime rock
4QvgGvpgzgyUOo8Yp8LDm9,j-pop
4QvgGvpgzgyUOo8Yp8LDm9,j-rock
71hQB5jxdNiHk5gzZRhicQ,anime rock
71hQB5jxdNiHk5gzZRhicQ,j-pop
71hQB5jxdNiHk5gzZRhicQ,japanese singer-songwriter
7HwzlRPa9Ad0I8rK0FPzzK,anime
7HwzlRPa9Ad0I8rK0FPzzK,j-pop
38WbKH6oKAZskBhqDFA8Uj,j-pop
4UK2Lzi6fBfUi9rpDt6cik,j-pop
1t17z3vfuc82cxSDMrvryJ,j-pop
1t17z3vfuc82cxSDMrvryJ,j-rock
1t17z3vfuc82cxSDMrvryJ,japanese alternative rock
1t17z3vfuc82cxSDMrvryJ,japanese teen pop
32QmJ5obSke8YKDbQvVPUx,j-pop
32QmJ5obSke8YKDbQvVPUx,japanese teen pop
1dKdetem2xEmjgvyymzytS,corrido
1dKdetem2xEmjgvyymzytS,norteno
1dKdetem2xEmjgvyymzytS,nuevo regional mexicano
1dKdetem2xEmjgvyymzytS,regional mexican
1dKdetem2xEmjgvyymzytS,sierreno
66ihevNkSYNzRAl44dx6jJ,corrido
66ihevNkSYNzRAl44dx6jJ,nuevo regional mexicano
66ihevNkSYNzRAl44dx6jJ,regional mexican
66ihevNkSYNzRAl44dx6jJ,sierreno
0my6Pg4I28dVcZLSpAkqhv,banda
0my6Pg4I28dVcZLSpAkqhv,corrido
0my6Pg4I28dVcZLSpAkqhv,nuevo regional mexicano
0my6Pg4I28dVcZLSpAkqhv,regional mexican
25UNJbwGZSQKvz5cPLWlv3,corrido
25UNJbwGZSQKvz5cPLWlv3,norteno
25UNJbwGZSQKvz5cPLWlv3,nuevo regional mexicano
25UNJbwGZSQKvz5cPLWlv3,regional mexican
3hTffafUYLLgO4yuPAxb5U,corrido
3hTffafUYLLgO4yuPAxb5U,nuevo regional mexicano
3hTffafUYLLgO4yuPAxb5U,regional mexican
3hTffafUYLLgO4yuPAxb5U,sierreno
2C6i0I5RiGzDKN9IAF8reh,banda
2C6i0I5RiGzDKN9IAF8reh,corrido
2C6i0I5RiGzDKN9IAF8reh,norteno
2C6i0I5RiGzDKN9IAF8reh,regional mexican
3abT87tqQ4Q5PA5nw6CYyH,mariachi
3abT87tqQ4Q5PA5nw6CYyH,nuevo regional mexicano
3abT87tqQ4Q5PA5nw6CYyH,ranchera
3abT87tqQ4Q5PA5nw6CYyH,regional mexican
6i3DxIlAqnDkwELLw4aVrx,latin pop
6i3DxIlAqnDkwELLw4aVrx,viral pop
1W7FNibLa0O0b572tB2w7t,bedroom soul
1W7FNibLa0O0b572tB2w7t,pop
3gIRvgZssIb9aiirIg0nI3,alt z
3gIRvgZssIb9aiirIg0nI3,electropop
3gIRvgZssIb9aiirIg0nI3,pop
3gIRvgZssIb9aiirIg0nI3,post-teen pop
5JMLG56F1X5mFmWNmS0iAp,alt z
5JMLG56F1X5mFmWNmS0iAp,electropop
5JMLG56F1X5mFmWNmS0iAp,indie pop
5JMLG56F1X5mFmWNmS0iAp,indie poptimism
5JMLG56F1X5mFmWNmS0iAp,pop
5JMLG56F1X5mFmWNmS0iAp,post-teen pop
5JMLG56F1X5mFmWNmS0iAp,tropical house
20DZAfCuP1TKZl5KcY7z3Q,dubstep
20DZAfCuP1TKZl5KcY7z3Q,edm
20DZAfCuP1TKZl5KcY7z3Q,electro house
20DZAfCuP1TKZl5KcY7z3Q,electronic trap
20DZAfCuP1TKZl5KcY7z3Q,pop dance
20DZAfCuP1TKZl5KcY7z3Q,pop edm
6d0ZjIp5L7Ygy2l02HskRX,social media pop
5fEQLwq1BWWQNR8GzhOIvi,indie cafe pop
5fEQLwq1BWWQNR8GzhOIvi,mandopop
2vnB6tuQMaQpORiRdvXF9H,bubblegrunge
2vnB6tuQMaQpORiRdvXF9H,chicago indie
2vnB6tuQMaQpORiRdvXF9H,indie pop
1SZdTuxme3mOk0D9pUFrET,chinese viral pop
2elBjNSdBE2Y3f0j1mjrql,c-pop
2elBjNSdBE2Y3f0j1mjrql,mandopop
2elBjNSdBE2Y3f0j1mjrql,taiwan pop
2elBjNSdBE2Y3f0j1mjrql,zhongguo feng
6H93wOohK6r1MwGh41Z4Nb,taiwan pop
4Uc8Dsxct0oMqx0P6i60ea,alt z
4Uc8Dsxct0oMqx0P6i60ea,bedroom pop
4Uc8Dsxct0oMqx0P6i60ea,electropop
4Uc8Dsxct0oMqx0P6i60ea,indie pop
4Uc8Dsxct0oMqx0P6i60ea,pop
4Uc8Dsxct0oMqx0P6i60ea,post-teen pop
4IWBUUAFIplrNtaOHcJPRM,pop
4IWBUUAFIplrNtaOHcJPRM,post-teen pop
4IWBUUAFIplrNtaOHcJPRM,talent show
4IWBUUAFIplrNtaOHcJPRM,uk pop
2NJLAUSe3Ifk9MiHbddRAi,chinese viral pop
7t5H3uQv0Zw6cQUnSTF5BB,k-pop
7t5H3uQv0Zw6cQUnSTF5BB,k-pop girl group
01XYiBYaoMJcNhPokrg0l0,k-pop
01XYiBYaoMJcNhPokrg0l0,k-pop girl group
2hRQKC0gqlZGPrmUKbcchR,k-pop
2hRQKC0gqlZGPrmUKbcchR,k-pop boy group
0ebNdVaOfp6N0oZ1guIxM8,k-pop
7IEhlwWQA7pCkEvzwwHehE,k-rap
3eCd0TZrBPm2n9cDG6yWfF,k-pop
3eCd0TZrBPm2n9cDG6yWfF,korean r&b
26VFTg2z8YR0cCuwLzESi2,dance pop
26VFTg2z8YR0cCuwLzESi2,electropop
26VFTg2z8YR0cCuwLzESi2,etherpop
26VFTg2z8YR0cCuwLzESi2,indie poptimism
26VFTg2z8YR0cCuwLzESi2,pop
26VFTg2z8YR0cCuwLzESi2,post-teen pop
0BqRGrwqndrtNkojXiqIzL,korean ost
4ufh0WuMZh6y4Dmdnklvdl,k-pop
0FRUZvZNPzM3YJMABJxf2K,k-pop
0FRUZvZNPzM3YJMABJxf2K,korean pop
5F1aAS1duwlzExnPs3l2Xe,memphis hip hop
5F1aAS1duwlzExnPs3l2Xe,rap
5F1aAS1duwlzExnPs3l2Xe,southern hip hop
5F1aAS1duwlzExnPs3l2Xe,tennessee hip hop
5F1aAS1duwlzExnPs3l2Xe,trap
3hcs9uc56yIGFCSy9leWe7,chicago drill
3hcs9uc56yIGFCSy9leWe7,chicago rap
3hcs9uc56yIGFCSy9leWe7,drill
3hcs9uc56yIGFCSy9leWe7,hip hop
3hcs9uc56yIGFCSy9leWe7,rap
3hcs9uc56yIGFCSy9leWe7,southern hip hop
3hcs9uc56yIGFCSy9leWe7,trap
45TgXXqMDdF8BkjA83OM7z,florida rap
3Y2MLcrD3ZQXRXmtn4fZQx,florida rap
3Y2MLcrD3ZQXRXmtn4fZQx,viral rap
3YQKmKGau1PzlVlkL1iodx,modern rock
3YQKmKGau1PzlVlkL1iodx,rock
45gHcnDnMC15sgx3VL7ROG,detroit trap
45gHcnDnMC15sgx3VL7ROG,rap
45gHcnDnMC15sgx3VL7ROG,southern hip hop
45gHcnDnMC15sgx3VL7ROG,trap
3Oa0mJQWQrUOqJ8fcLuu7l,afro soul
3Oa0mJQWQrUOqJ8fcLuu7l,amapiano
414pDI8Y502owCbg7U6Skf,amapiano
1w2P5nNsO5W7FYq2Oui0cM,afro soul
1w2P5nNsO5W7FYq2Oui0cM,amapiano
1w2P5nNsO5W7FYq2Oui0cM,south african pop
2TcrjcSngRPpgZxmIlPdym,afro soul
2TcrjcSngRPpgZxmIlPdym,amapiano
1nVEvn7RMNxj27rn0WE13E,afro soul
1nVEvn7RMNxj27rn0WE13E,south african pop
1eQJUHJRurFXGd3j8i8W4x,afro soul
1eQJUHJRurFXGd3j8i8W4x,south african pop
6ucYQLJMMVyN1nO4GebaV2,afro soul
6ucYQLJMMVyN1nO4GebaV2,amapiano
6ucYQLJMMVyN1nO4GebaV2,south african pop
1bNjWBFWsAAzZSR59lRdpR,afro house
1bNjWBFWsAAzZSR59lRdpR,afro soul
1bNjWBFWsAAzZSR59lRdpR,amapiano
1bNjWBFWsAAzZSR59lRdpR,south african alternative
1bNjWBFWsAAzZSR59lRdpR,south african pop
6fHE8xZBCxzwer9DIbOmv4,afro soul
6fHE8xZBCxzwer9DIbOmv4,amapiano
6fHE8xZBCxzwer9DIbOmv4,south african pop
3ciriYzsPraVHAuNLA1ylh,afro soul
3ciriYzsPraVHAuNLA1ylh,amapiano
3ciriYzsPraVHAuNLA1ylh,south african pop
2J1TbsWFTYT0LHNSX897xS,amapiano
7MKSufJrPmpqpg2mVWJET1,amapiano
7hdf9DSpgCpqVh03Ql1LKe,afro soul
7hdf9DSpgCpqVh03Ql1LKe,south african pop
71lldVkx3POgVXXTe5Pqoa,south african hip hop
6U3gCOvxVWKBxXItqp3mdr,afro soul
6U3gCOvxVWKBxXItqp3mdr,south african hip hop
6U3gCOvxVWKBxXItqp3mdr,south african pop
6U3gCOvxVWKBxXItqp3mdr,south african trap
0MIG6gMcQTSvFbKvUwK0id,polish hip hop
0MIG6gMcQTSvFbKvUwK0id,polish trap
56VhOZOF6hwqrbNYwkmcsH,polish hip hop
56VhOZOF6hwqrbNYwkmcsH,polish pop
56VhOZOF6hwqrbNYwkmcsH,polish trap
0TMvoNR0AIJV138mHY6jdE,polish pop
5XGkLMcwitYFdwroktQs7o,polish alternative
5XGkLMcwitYFdwroktQs7o,polish pop
1oxn6cQ37twQ7yGnlE3ETd,polish hip hop
1yq2JzsqbzFbJ1B7wGOXLc,polish hip hop
1yq2JzsqbzFbJ1B7wGOXLc,polish trap
4zvO09rVUIVTeALhs6xLoB,polish hip hop
4zvO09rVUIVTeALhs6xLoB,polish trap
4rneSQYWhgIT9pMX2NwpeM,polish pop
3Mnrb43jb3hiASpyCvaZpy,polish hip hop
3Mnrb43jb3hiASpyCvaZpy,polish trap
7uWyXPJ04ihdQdYGGw3xVV,polish hip hop
0iBTVnJ1Sff92zCDujfvyJ,polish hip hop
0iBTVnJ1Sff92zCDujfvyJ,polish pop
154o9Wi0JpSDbYQPMtmpd5,polish hip hop
154o9Wi0JpSDbYQPMtmpd5,polish trap
6cAstWrYVb1BxHyRQJJskF,polish hip hop
6cAstWrYVb1BxHyRQJJskF,polish trap
6QfFTZJHFSe9Xyes6DkAli,polish hip hop
6QfFTZJHFSe9Xyes6DkAli,polish trap
0tdKRrbItnLj40yUFi23jx,polish alternative
0tdKRrbItnLj40yUFi23jx,polish indie
0tdKRrbItnLj40yUFi23jx,polish pop
6EB8VE9f7Ut6NOgviN6gDW,polish alternative
6EB8VE9f7Ut6NOgviN6gDW,polish pop
6EB8VE9f7Ut6NOgviN6gDW,talent show
3OFZwEYEAKMEmUheZ8TKso,polish hip hop
44FnIf8PhG6EQRIoENsXu3,polish trap
1fZAAHNWdSM5gqbi9o5iEA,polish hip hop
1fZAAHNWdSM5gqbi9o5iEA,polish trap
4nPxrGG7k7aEKmNLsfX4cd,polish hip hop
4nPxrGG7k7aEKmNLsfX4cd,polish trap
0QR764k0D36npmTMWx5bft,polish hip hop
0QR764k0D36npmTMWx5bft,polish trap
2IHoZ3RrDJIikMRsYgHjhy,polish hip hop
2IHoZ3RrDJIikMRsYgHjhy,polish trap
0x4xJCGDyTlKr47RF2WXzu,polish hip hop
0x4xJCGDyTlKr47RF2WXzu,polish trap
0WDJa0qnagyOnMaiD26wht,polish hip hop
0WDJa0qnagyOnMaiD26wht,polish trap
1fxbULcd6ryMNc1usHoP0R,polish hip hop
6NUBt2nj5uT4iLLTIMRxra,polish electronica
7v49oVVUhvIQG5EK0jkcF7,polish hip hop
2GzZAv52VCMdVli7QzkteT,polish hip hop
2GzZAv52VCMdVli7QzkteT,polish trap
0Wi2fADbhwXlPUWxBmzo99,polish hip hop
79b4a4Bg30Y0RlO5de5jni,polish hip hop
4nRJJWVfbPAULHZl7VYVE8,polish trap
3B6UKFIsDwnJUKlJp7qQyU,polish alternative rap
3B6UKFIsDwnJUKlJp7qQyU,polish hip hop
0awWNjR5qmSZsQVFAo2NsR,polish hip hop
3gm9b6AeMf2eGQTLashkDt,polish hip hop
3gm9b6AeMf2eGQTLashkDt,polish trap
6MlVGjgieHwMJCPBjU41dN,polish alternative
6MlVGjgieHwMJCPBjU41dN,polish pop
1HX9uYVwH6HHGyE8xSgtUD,polish alternative
1HX9uYVwH6HHGyE8xSgtUD,polish pop
4CrDEHL7ysNabeYvL3xjUX,big room
3U5Oag04Yl2WnvPULOlsMD,polish hip hop
3U5Oag04Yl2WnvPULOlsMD,polish trap
1Kjs5u8GQf6zCFdTj6SI9E,polish hip hop
1Kjs5u8GQf6zCFdTj6SI9E,polish trap
4Q3xLVaD2uBZGVxmCYuSkt,polish hip hop
4Q3xLVaD2uBZGVxmCYuSkt,polish trap
73B9bjqS2Z5KLXNGqXf64m,k-pop
5CiGnKThu5ctn9pBxv7DGa,electropop
5CiGnKThu5ctn9pBxv7DGa,pop
5CiGnKThu5ctn9pBxv7DGa,pop rap
5PCDJjJ5dx6Py83CvfvRIO,malay rap
5PCDJjJ5dx6Py83CvfvRIO,malaysian pop
0J1gUosYaFbrSG6FkbE4c7,malay rap
0J1gUosYaFbrSG6FkbE4c7,malaysian pop
2jnIB6XdLvnJUeNTy5A0J2,boy band
2jnIB6XdLvnJUeNTy5A0J2,dance pop
2jnIB6XdLvnJUeNTy5A0J2,pop
2jnIB6XdLvnJUeNTy5A0J2,post-teen pop
2jnIB6XdLvnJUeNTy5A0J2,teen pop
2UHBgxDvOBaIY7hQ8CEAmW,indonesian pop
1tM4ox3QsSpl3R2VwLjJ47,chill r&b
48FNCGA8dKjcsfTO3TMcAV,malaysian pop
3l0CmX0FuQjFxr8SK7Vqag,bedroom pop
3l0CmX0FuQjFxr8SK7Vqag,pop
4a6rcjvQs6YOwK5sVlybKV,malay rap
4a6rcjvQs6YOwK5sVlybKV,malaysian hip hop
4a6rcjvQs6YOwK5sVlybKV,malaysian pop
63PZAg9EDmsVpftrqz1uih,malaysian pop
2LRoIwlKmHjgvigdNGBHNo,colombian pop
2LRoIwlKmHjgvigdNGBHNo,latin
2LRoIwlKmHjgvigdNGBHNo,pop reggaeton
2LRoIwlKmHjgvigdNGBHNo,reggaeton
2LRoIwlKmHjgvigdNGBHNo,reggaeton colombiano
2LRoIwlKmHjgvigdNGBHNo,reggaeton flow
2LRoIwlKmHjgvigdNGBHNo,trap latino
51XrH5fQP2oIQynuKxSWcW,reggaeton flow
51XrH5fQP2oIQynuKxSWcW,trap latino
0SSbTivuMrvdqgCt7ln6jD,reggaeton colombiano
7f02bxFbZIOVdSbYRNYvLT,cubaton
7f02bxFbZIOVdSbYRNYvLT,pop venezolano
7f02bxFbZIOVdSbYRNYvLT,reggaeton
7f02bxFbZIOVdSbYRNYvLT,trap latino
7Ap8xCd7d0xon5XnkLvn4i,danish hip hop
7Ap8xCd7d0xon5XnkLvn4i,danish pop
3pJK3CUpbnyX7ogDfAwa9J,danish pop
0BecZI4vqLoN178y3f16XJ,danish hip hop
0BecZI4vqLoN178y3f16XJ,danish pop
1YwMnnHvnG64fJxYSVwmN6,danish pop
2eBqkaIfoNsOPCQCQEy5fD,danish hip hop
2eBqkaIfoNsOPCQCQEy5fD,danish pop
2KbikmQKGiUPR2ARs1h0sq,danish hip hop
2KbikmQKGiUPR2ARs1h0sq,danish pop
2d7AMvzFwh5wUTuqQl3BAE,danish hip hop
2d7AMvzFwh5wUTuqQl3BAE,danish pop
3RYYha3CC7js2PHbcBHewt,danish hip hop
3RYYha3CC7js2PHbcBHewt,danish pop
03WNJB1zKyqW8DimkHP4Bg,danish hip hop
03WNJB1zKyqW8DimkHP4Bg,danish pop
5SwsSD9zyWaWeVyK9qIW9l,danish hip hop
5SwsSD9zyWaWeVyK9qIW9l,danish pop
6a3WaWgxrVmNIvaiTCI0Kk,danish hip hop
6a3WaWgxrVmNIvaiTCI0Kk,danish pop
323gjVOWgnKGW3VuT8VKTx,danish hip hop
323gjVOWgnKGW3VuT8VKTx,danish pop
7wy9Plp8SD5l3LDuJubTcv,danish hip hop
7wy9Plp8SD5l3LDuJubTcv,danish pop
6idjJt47PjFydVRrAlNw4C,danish pop
3zDRCqOhJXJfS2YWOEwGMC,danish pop
7wrulS1dfanckBnoxxEuS6,danish pop
4ysmSq2N7badobfVT6YZ82,danish hip hop
4ysmSq2N7badobfVT6YZ82,danish pop
4uvOZHqwKYuWz1ywTBN5En,danish hip hop
4uvOZHqwKYuWz1ywTBN5En,danish pop
25u4wHJWxCA9vO0CzxAbK7,danish pop
25u4wHJWxCA9vO0CzxAbK7,pop
25u4wHJWxCA9vO0CzxAbK7,scandipop
0i7DYzkG8u0ScquFnDUuvT,danish hip hop
0i7DYzkG8u0ScquFnDUuvT,danish pop
4nXezpatStChCEWVvYLjd5,danish hip hop
4nXezpatStChCEWVvYLjd5,danish pop
6l2TcYHKMr6XQn5hxfD48E,danish hip hop
36mHwYa65L0WZbAXY2iSGw,danish electronic
2hyMuTjcOQsuC1QV0paUBA,danish pop
7EJcUkbBsR4kN822bEa0ZS,danish hip hop
7EJcUkbBsR4kN822bEa0ZS,danish pop
3tNPDodRNuLdezJnTsYOqy,swedish drill
3tNPDodRNuLdezJnTsYOqy,swedish gangsta rap
3tNPDodRNuLdezJnTsYOqy,swedish hip hop
3tNPDodRNuLdezJnTsYOqy,swedish trap
3tNPDodRNuLdezJnTsYOqy,swedish trap pop
7EuzcvdfScUqksgKfyN7J0,danish pop
7EuzcvdfScUqksgKfyN7J0,eurovision
6Ip8FS7vWT1uKkJSweANQK,uk hip hop
5SHxzwjek1Pipl1Yk11UHv,modern rock
5SHxzwjek1Pipl1Yk11UHv,uk pop
5VadK1havLhK1OpKYsXv9y,uk hip hop
1zNqDE7qDGCsyzJwohVaoX,dance pop
1zNqDE7qDGCsyzJwohVaoX,pop
1zNqDE7qDGCsyzJwohVaoX,pop dance
1zNqDE7qDGCsyzJwohVaoX,post-teen pop
1zNqDE7qDGCsyzJwohVaoX,tropical house
1zNqDE7qDGCsyzJwohVaoX,uk pop
1nzgtKYFckznkcVMR3Gg4z,uk hip hop
5fyDppLDl1juIu1BcUT5zh,uk dance
3GxKJzJK4LpsYGXQrw77wz,alt z
3GxKJzJK4LpsYGXQrw77wz,indie cafe pop
3GxKJzJK4LpsYGXQrw77wz,uk pop
6YCM9JwkqdEFQSzztmh4Kb,deep groove house
7nDsS0l5ZAzMedVRKPP8F1,dance pop
7nDsS0l5ZAzMedVRKPP8F1,indie cafe pop
7nDsS0l5ZAzMedVRKPP8F1,pop
7nDsS0l5ZAzMedVRKPP8F1,pop dance
7nDsS0l5ZAzMedVRKPP8F1,post-teen pop
7nDsS0l5ZAzMedVRKPP8F1,talent show
7nDsS0l5ZAzMedVRKPP8F1,tropical house
7nDsS0l5ZAzMedVRKPP8F1,uk pop
2gIHyzlzKxntjQWf8xAGaI,indie r&b
2gIHyzlzKxntjQWf8xAGaI,modern indie pop
6Ad91Jof8Niiw0lGLLi3NW,british indie rock
6Ad91Jof8Niiw0lGLLi3NW,modern rock
6Ad91Jof8Niiw0lGLLi3NW,pop
6Ad91Jof8Niiw0lGLLi3NW,rock
0C0XlULifJtAgn6ZNCW2eu,dance rock
0C0XlULifJtAgn6ZNCW2eu,modern rock
0C0XlULifJtAgn6ZNCW2eu,permanent wave
0C0XlULifJtAgn6ZNCW2eu,rock
6QMABvTzixnxzsLYyhqRxI,deep groove house
6QMABvTzixnxzsLYyhqRxI,house
6QMABvTzixnxzsLYyhqRxI,pop dance
6QMABvTzixnxzsLYyhqRxI,uk dance
54R6Y0I7jGUCveDTtI21nb,europop
1AM52XHXnWAEqnQwpxTLWm,turkish pop
51DevdOxIJin6DB1FXJpD1,turkish hip hop
51DevdOxIJin6DB1FXJpD1,turkish trap
6CPZWzcKiOKkHn4L2XI4i2,turkish hip hop
6CPZWzcKiOKkHn4L2XI4i2,turkish trap pop
6LnJKrtFnTEGdbWQ2riWCL,turkish hip hop
6LnJKrtFnTEGdbWQ2riWCL,turkish trap
2aZlYOswKNlrwqpuTsckKd,turkish alt pop
0L3wrFI3QcbXAvFL7IaPQX,turkish hip hop
0L3wrFI3QcbXAvFL7IaPQX,turkish trap pop
50z4meqYMvVCXEv2jDneDN,turkish pop
50z4meqYMvVCXEv2jDneDN,turkish trap pop
03cvjFEHz8eGwYHq1L0Pp2,turkish alt pop
2h1EEQ0lD01lPKDRGisvL4,turkish pop
3tJELJoPZ4VTKmL0vppqLj,turkish hip hop
3tJELJoPZ4VTKmL0vppqLj,turkish trap
3tJELJoPZ4VTKmL0vppqLj,turkish trap pop
1qZ684TB9E1BjH58btdtYd,turkish pop
1qZ684TB9E1BjH58btdtYd,turkish trap pop
23Q5T7JtqekFJMbC0XKxnh,turkish hip hop
23Q5T7JtqekFJMbC0XKxnh,turkish trap pop
2y1VzMKAa5nmfXKtJL9jnj,basshall
2y1VzMKAa5nmfXKtJL9jnj,turkish trap
5wyWp867LWGjFmYZXVSFnZ,german hip hop
3WKZeiNOV5dnANlQnjL95B,turkish pop
3WKZeiNOV5dnANlQnjL95B,turkish trap pop
0w92tV1EQp7sxly7UjGR4P,turkish alt pop
0w92tV1EQp7sxly7UjGR4P,turkish alternative rock
15AZJFNrXtIN4Nk8BIOnS2,turkish hip hop
15AZJFNrXtIN4Nk8BIOnS2,turkish trap
15AZJFNrXtIN4Nk8BIOnS2,turkish trap pop
6h5P3J0j1x2lhiDk9w4deZ,turkish hip hop
6h5P3J0j1x2lhiDk9w4deZ,turkish trap pop
1Fg19vpUJpAAPFjnKaVYVW,turkish hip hop
1Fg19vpUJpAAPFjnKaVYVW,turkish trap pop
4Bdqzh78prwuqwInMb555P,oyun havasi
4Bdqzh78prwuqwInMb555P,turkish pop
4Bdqzh78prwuqwInMb555P,turkish rock
4hjJDrv2KkIEW1AslTEtv3,turkish alt pop
1lMEWvvUlwzQ5OKB4w1HTn,turkish alt pop
1lMEWvvUlwzQ5OKB4w1HTn,turkish trap pop
7k6KVFItaU7pcBvL6poIi9,turkish instrumental
1nFJWl30l3PAHei86OxN0i,turkish pop
1nFJWl30l3PAHei86OxN0i,turkish trap pop
5LUxu287CsPM7jy3yS3l86,turkish hip hop
6q1sTU51oryTTcWTPTd0VC,turkce drill
6q1sTU51oryTTcWTPTd0VC,turkish hip hop
6q1sTU51oryTTcWTPTd0VC,turkish trap
6q1sTU51oryTTcWTPTd0VC,turkish trap pop
1zofEGCCvRwAdhetK573gb,turkish trap pop
5JJc8is4VzgOz8ZanDj18J,turkish edm
4xklx5DAtVru5uf3vSXTgf,turkish edm
2boacFGRX1WIo7NFS8B0F2,turkish hip hop
4Vr0nv4nM4aqWfj76zDTTp,turkish alternative rock
7BJjzi0JHyDHAsmVe21dGa,turkish pop
7zVYyYhGZxvPHPuhzReYHP,arabesk
7zVYyYhGZxvPHPuhzReYHP,deep turkish pop
7zVYyYhGZxvPHPuhzReYHP,turkish pop
7zVYyYhGZxvPHPuhzReYHP,turkish trap pop
2r8iLFeSTuOiZualHmSXxS,turkish hip hop
2r8iLFeSTuOiZualHmSXxS,turkish trap
2r8iLFeSTuOiZualHmSXxS,turkish trap pop
1eQzZsJAtBVhN9WP62oXM2,turkish hip hop
1eQzZsJAtBVhN9WP62oXM2,turkish trap
1eQzZsJAtBVhN9WP62oXM2,turkish trap pop
5G3OUmDl3R4rEn9zSWZTpw,turkish hip hop
5G3OUmDl3R4rEn9zSWZTpw,turkish trap pop
6iBdV6h17D1kOnK9lFyWo3,turkish pop
6iBdV6h17D1kOnK9lFyWo3,turkish trap pop
4StjyzjcmZ7a9QncHVf0pu,deep turkish pop
4StjyzjcmZ7a9QncHVf0pu,persian pop
4StjyzjcmZ7a9QncHVf0pu,turkish pop
4StjyzjcmZ7a9QncHVf0pu,turkish trap pop
0wCKNMsqYasJBFVagjay49,turkish pop
0wCKNMsqYasJBFVagjay49,turkish trap pop
0T49oz78JYl4FkVJPGlJiD,hip hop tuga
7crp1tZcefnjT5RuL6WZQ0,hip hop tuga
1pPbDeOdNUcLq32HTTLbZm,trap tuga
2swvbEAfN70ZFcQB4Y7MaS,hip hop tuga
2swvbEAfN70ZFcQB4Y7MaS,portuguese pop
2swvbEAfN70ZFcQB4Y7MaS,reggae tuga
6XjHGcba7ZbaZ6nYtwhaCj,hip hop tuga
7BcPoZhXI08icbiq1mpxFx,portuguese pop
6PIIKavZx20FlVKyIvb4Um,kizomba
6PIIKavZx20FlVKyIvb4Um,musica santomense
6PIIKavZx20FlVKyIvb4Um,portuguese pop
0kjGPGtoyKwKVOZAKmv5K6,brazilian edm
0kjGPGtoyKwKVOZAKmv5K6,pop nacional
3qvcCP2J0fWi0m0uQDUf6r,funk carioca
3qvcCP2J0fWi0m0uQDUf6r,sertanejo
3qvcCP2J0fWi0m0uQDUf6r,sertanejo pop
3qvcCP2J0fWi0m0uQDUf6r,sertanejo universitario
0Dx6HmR7Rhi8G1osUOxAew,hip hop tuga
0Dx6HmR7Rhi8G1osUOxAew,trap tuga
39HJXjH5hKcCzaU0g6mv8G,hip hop tuga
5jfz7uWPwf03hdEewW8AI8,hip hop tuga
5jfz7uWPwf03hdEewW8AI8,trap tuga
0DxsiYPUEWLY4HjaUDM8Lk,hip hop tuga
0DxsiYPUEWLY4HjaUDM8Lk,rap criolo
6QHREBOQktWsYBfrxW93rk,hip hop tuga
6QHREBOQktWsYBfrxW93rk,trap tuga
3aBiDlzy0xIlHfbHAWYton,czech hip hop
3aBiDlzy0xIlHfbHAWYton,czsk hip hop
721o1Z0J6jQupyzLt9RnEk,czech hip hop
721o1Z0J6jQupyzLt9RnEk,czsk hip hop
4cG43cUBRJWWDsRh4SW48i,czech hip hop
4cG43cUBRJWWDsRh4SW48i,czsk hip hop
6gvVFtkTV4OCyQSCzGgU1h,czsk hip hop
1JdsdDwTcng1Iw8IYEw4Ko,czech hip hop
1JdsdDwTcng1Iw8IYEw4Ko,czsk hip hop
0ql0Aw24KJaMeOVlwadzFE,czech pop
1bpca6RQE5kp92pIwPMBE8,czech pop
1bpca6RQE5kp92pIwPMBE8,czsk hip hop
1bpca6RQE5kp92pIwPMBE8,slovak pop
2A3rmRL2kja5NoroAGdZPb,czsk hip hop
5lEkQtWa3UKlI1hj7sktcd,czech hip hop
5lEkQtWa3UKlI1hj7sktcd,czsk hip hop
2AHugDX8XYbm2SNxbvptQW,czech hip hop
2AHugDX8XYbm2SNxbvptQW,czsk hip hop
5m2pDQbSRuWbxRR1FUcHle,czech pop
145RezaSLWGxp3SLnAcHPr,czsk hip hop
4V1v1oFnKe0b42lZh1QBnF,czech hip hop
4V1v1oFnKe0b42lZh1QBnF,czsk hip hop
4JTacmomOV6ZmeAVHMkFOq,czech hip hop
4JTacmomOV6ZmeAVHMkFOq,czsk hip hop
062AuVsQPIt8pXzbENjI9p,czsk hip hop
28oxY7ZfDt1BJFf8FVfpEh,czech hip hop
28oxY7ZfDt1BJFf8FVfpEh,czsk hip hop
4JdXITm8I9qIaSbFlBoOKi,czsk hip hop
2G3moO7hc1jXWYKkW5ZYw4,uk drill
2G3moO7hc1jXWYKkW5ZYw4,uk hip hop
0ZDbrXYXNaO94VjgXjdFh7,czech folk
0ZDbrXYXNaO94VjgXjdFh7,czech punk
0ZDbrXYXNaO94VjgXjdFh7,czech rock
1tfhFc2Y8iplDKCteuXjCY,dembow
1tfhFc2Y8iplDKCteuXjCY,dominican pop
39f7LHKJFK3HoxHZqrq9Lb,dembow
6NAhbfEqeWELwfjH391Vz0,dembow
6NAhbfEqeWELwfjH391Vz0,dominican pop
6NAhbfEqeWELwfjH391Vz0,rap dominicano
4yxglAiH5h8Db7TmN0MUr5,rap dominicano
1AACxWCwNIa3ecOBQJnXRV,dominican pop
1AACxWCwNIa3ecOBQJnXRV,trap dominicano
1AACxWCwNIa3ecOBQJnXRV,trap latino
1pf0MPKfKdvS8J779mS1Ay,latin
1pf0MPKfKdvS8J779mS1Ay,latin hip hop
1pf0MPKfKdvS8J779mS1Ay,reggaeton
1pf0MPKfKdvS8J779mS1Ay,reggaeton flow
1pf0MPKfKdvS8J779mS1Ay,trap latino
1pf0MPKfKdvS8J779mS1Ay,tropical
37UACiDcdzEYii0iU0QpAf,dembow
37UACiDcdzEYii0iU0QpAf,dominican pop
37UACiDcdzEYii0iU0QpAf,latin
37UACiDcdzEYii0iU0QpAf,rap dominicano
37UACiDcdzEYii0iU0QpAf,trap latino
37UACiDcdzEYii0iU0QpAf,tropical
2p4aN0Uxkk3iT3HK0cJ2cJ,dominican pop
2p4aN0Uxkk3iT3HK0cJ2cJ,rap latina
2p4aN0Uxkk3iT3HK0cJ2cJ,trap dominicano
4xe6s55EDjpRpyZsrFoiWh,dominican pop
39FKVjqhZLz4E1iG77d5AO,trap dominicano
1GKIlPFdcewHtpDVCQ8zmJ,reggaeton flow
1GKIlPFdcewHtpDVCQ8zmJ,trap latino
3Wb38LDP3N4tkobValgE9D,reggaeton
3Wb38LDP3N4tkobValgE9D,reggaeton flow
3Wb38LDP3N4tkobValgE9D,trap latino
6HqgxkTt9KGyt27zYrwVan,latin
6HqgxkTt9KGyt27zYrwVan,reggaeton
6HqgxkTt9KGyt27zYrwVan,reggaeton flow
6HqgxkTt9KGyt27zYrwVan,trap latino
11YLRSsZA3YVuQQtHXKTlz,reggaeton
11YLRSsZA3YVuQQtHXKTlz,reggaeton flow
11YLRSsZA3YVuQQtHXKTlz,trap latino
2rdUWyphqOltYR6zPaMPrU,estonian pop
4PLGCdwxxGsxNXX7G7Spug,estonian pop
2cNMMulo6S2a0tHrwX2s6i,estonian pop
79Pc4RR5E625J7dK543jDw,finnish dance pop
79Pc4RR5E625J7dK543jDw,finnish hip hop
79Pc4RR5E625J7dK543jDw,finnish pop
79Pc4RR5E625J7dK543jDw,iskelma
5nZADoZFWVB90dHpk5zvXy,estonian hip hop
5nZADoZFWVB90dHpk5zvXy,estonian pop
7j6Zzcpz7gTNPh69USgO8C,estonian hip hop
7j6Zzcpz7gTNPh69USgO8C,estonian pop
7j6Zzcpz7gTNPh69USgO8C,eurovision
6acByqWJeuaM0TX5VoY6an,estonian hip hop
6acByqWJeuaM0TX5VoY6an,estonian pop
44XzG6GoJZNtkIGW19hsUK,escape room
44XzG6GoJZNtkIGW19hsUK,estonian hip hop
44XzG6GoJZNtkIGW19hsUK,hyperpop
1VPmR4DJC1PlOtd0IADAO0,dark trap
1VPmR4DJC1PlOtd0IADAO0,new orleans rap
1VPmR4DJC1PlOtd0IADAO0,underground hip hop
5fMUXHkw8R8eOP2RNVYEZX,bmore
5fMUXHkw8R8eOP2RNVYEZX,dance pop
5fMUXHkw8R8eOP2RNVYEZX,edm
5fMUXHkw8R8eOP2RNVYEZX,moombahton
5fMUXHkw8R8eOP2RNVYEZX,ninja
5fMUXHkw8R8eOP2RNVYEZX,pop
5fMUXHkw8R8eOP2RNVYEZX,pop dance
5fMUXHkw8R8eOP2RNVYEZX,tropical house
3gDHpjemovd3LuV3tHgjOq,estonian pop
3gDHpjemovd3LuV3tHgjOq,estonian rock
0iWCupAJreesWuLo9wkpXt,russian hip hop
1LxWE4LOhnqeaAx2tVUK6p,greek hip hop
1LxWE4LOhnqeaAx2tVUK6p,greek pop
1LxWE4LOhnqeaAx2tVUK6p,greek trap
6YYOTK6Qyv6PuFipPxCCoe,greek drill
6WzxopGY3sy97IeNFaDELc,greek drill
6WzxopGY3sy97IeNFaDELc,greek trap
3KcZf8BFeFBtnGyOZmUggd,greek hip hop
3KcZf8BFeFBtnGyOZmUggd,greek pop
3KcZf8BFeFBtnGyOZmUggd,greek trap
0WxSlQlue0fq99fXfGBmxA,greek pop
0WxSlQlue0fq99fXfGBmxA,greek trap
6wN4QyhoM6fN49kEB25rnl,greek hip hop
6wN4QyhoM6fN49kEB25rnl,greek trap
1UdbiTrv73Dp7F0s3OHmn2,greek hip hop
1UdbiTrv73Dp7F0s3OHmn2,greek trap
0vUcZVCNG7i5OV0zb8Icfw,greek hip hop
0vUcZVCNG7i5OV0zb8Icfw,greek pop
0vUcZVCNG7i5OV0zb8Icfw,greek trap
0fxvzvlu3VQV3wDIhAxBmn,greek pop
0fxvzvlu3VQV3wDIhAxBmn,greek trap
0cy6ZMOTeautXRNJsR6PiV,greek drill
0cy6ZMOTeautXRNJsR6PiV,greek trap
7BXe1v4YJm7R5wg2ioeA1q,greek trap
48h12D3cJbqfn1ReVL9qbw,greek drill
4YiKEuOS5GwMujJMkIPGFN,greek drill
7bg4UOzqHiULOABzTycGyX,greek drill
0JDrljGBQpzIKFIcZ4R1H4,greek drill
0JDrljGBQpzIKFIcZ4R1H4,greek hip hop
5VzicjuhIv0IwMz15hEORa,greek trap
2CeSpJpSDU42CUgPdGfyo0,greek trap
1zeAbUJAbLOWeYpgRVnYmu,greek drill
1zeAbUJAbLOWeYpgRVnYmu,greek trap
1WNkrtDTdQ5izZf5L372i9,greek hip hop
1WNkrtDTdQ5izZf5L372i9,greek underground rap
4lpfvtAHLELZcezTOUHiQX,dutch house
0MyAm8pgx6zC6FGXUHHoUj,greek hip hop
09admC8JPSuizanrDUzWtd,greek trap
45FQfgBXKsdtElNqmKeJTC,greek trap
3RDALl5RyRDHPryF1uyWwG,hungarian hip hop
3RDALl5RyRDHPryF1uyWwG,hungarian pop
3RDALl5RyRDHPryF1uyWwG,magyar trap
2cFK15y135mg47RIgsS43E,hungarian hip hop
1q7g5SBAxtjizS3Vcof6Y6,hungarian indie
1q7g5SBAxtjizS3Vcof6Y6,hungarian rock
1q7g5SBAxtjizS3Vcof6Y6,magyar alternative
7ACEUD7UsmmXrnj4OLt8f9,edm
7ACEUD7UsmmXrnj4OLt8f9,pop edm
7ACEUD7UsmmXrnj4OLt8f9,tropical house
3PMRY3PR5xAe5UpRfPPuaG,hungarian hip hop
3PMRY3PR5xAe5UpRfPPuaG,hungarian pop
3PMRY3PR5xAe5UpRfPPuaG,magyar trap
0CJxR2iBZb64SRwApcj2Ev,hungarian hip hop
0CJxR2iBZb64SRwApcj2Ev,magyar trap
0Hir00e5sSBEH8WqOmvi8h,hungarian pop
4vQW9JcctfeFaBjmGPr8h0,hungarian pop
0Cw3CfY5WSyltweEK71keH,eurovision
0Cw3CfY5WSyltweEK71keH,hungarian pop
1UIPahyz7pEKaU6RQvU3FC,hungarian pop
6ZB6TzkB1xiqswUHbvMzvm,hungarian pop
1O4dvMoyQSIClCii6DSai8,hungarian pop
1vpC76RZf9ndFkOEB7agn9,hungarian pop
1vpC76RZf9ndFkOEB7agn9,hungarian rock
1vpC76RZf9ndFkOEB7agn9,magyar alternative
0MtTfq27LQu7CmE5t308Up,classic icelandic pop
0MtTfq27LQu7CmE5t308Up,icelandic pop
0MtTfq27LQu7CmE5t308Up,icelandic rock
6opz1Ax3VqCmeQBGax1erx,icelandic pop
2mgonCuv2QEZZbPOatCbyu,icelandic pop
1FvIWbYLm8dBezbdjucrZb,icelandic pop
7FRQP6Ivwv3DQCLxpR3I6Z,icelandic hip hop
7FRQP6Ivwv3DQCLxpR3I6Z,icelandic pop
4YnmlfVdziLiqFQtQ4zTcq,classic icelandic pop
4YnmlfVdziLiqFQtQ4zTcq,icelandic pop
5TTXO1acO5ZuuUCsZ0MXJl,icelandic pop
6cC3KmZOI4EG7a94PtKEYb,icelandic hip hop
6cC3KmZOI4EG7a94PtKEYb,icelandic pop
2FfS4tGbyODPI92Baw7Ys8,icelandic indie
0hHSuSCpKFLU5twpJNTO3t,icelandic pop
2ot1BrqrtRXWOgvlv4PxLl,icelandic pop
21SqAOtuXFpwygK1GNxjTm,icelandic pop
3hvKmeo12OU7ai8Mpgraf7,icelandic electronic
3hvKmeo12OU7ai8Mpgraf7,icelandic hip hop
3hvKmeo12OU7ai8Mpgraf7,icelandic pop
3Hb64DQZIhDCgyHKrzBXOL,icelandic pop
7jdFEYD2LTYjfwxOdlVjmc,icelandic indie
7jdFEYD2LTYjfwxOdlVjmc,icelandic rock
7jdFEYD2LTYjfwxOdlVjmc,modern alternative rock
1tNJibl39hvCIVSnGaiwx5,icelandic folk
1tNJibl39hvCIVSnGaiwx5,icelandic pop
2OsysEFABxUiubXfbfmrWF,icelandic pop
4ynaUZA4BVF6d2XaNuflVz,icelandic pop
1tqysapcCh1lWEAc9dIFpa,desi pop
1tqysapcCh1lWEAc9dIFpa,filmi
1tqysapcCh1lWEAc9dIFpa,modern bollywood
4f7KfxeHq9BiylGmyXepGt,desi pop
4f7KfxeHq9BiylGmyXepGt,filmi
4f7KfxeHq9BiylGmyXepGt,modern bollywood
5HcunTidTUrOaf8V0iJcvl,desi pop
5HcunTidTUrOaf8V0iJcvl,filmi
5HcunTidTUrOaf8V0iJcvl,indian fusion
5HcunTidTUrOaf8V0iJcvl,pakistani folk
5HcunTidTUrOaf8V0iJcvl,qawwali
5HcunTidTUrOaf8V0iJcvl,sufi
5HcunTidTUrOaf8V0iJcvl,world
6LEG9Ld1aLImEFEVHdWNSB,desi pop
6LEG9Ld1aLImEFEVHdWNSB,punjabi pop
56SjZARoEvag3RoKWIb16j,desi pop
56SjZARoEvag3RoKWIb16j,punjabi pop
7AKO4PWJ6ToZVUfA5xmsIY,desi pop
5NHm4TU5Twz7owibYxJfFU,desi hip hop
5NHm4TU5Twz7owibYxJfFU,hindi hip hop
1mBydYMVBECdDmMfE2sEUO,desi pop
1mBydYMVBECdDmMfE2sEUO,filmi
1mBydYMVBECdDmMfE2sEUO,gujarati pop
1mBydYMVBECdDmMfE2sEUO,modern bollywood
1mBydYMVBECdDmMfE2sEUO,sufi
15UQcr22jcc6DJjy3sLv3J,punjabi pop
3gBKY0y3dFFVRqicLnVZYz,classic bollywood
3gBKY0y3dFFVRqicLnVZYz,desi pop
3gBKY0y3dFFVRqicLnVZYz,filmi
3gBKY0y3dFFVRqicLnVZYz,modern bollywood
3gBKY0y3dFFVRqicLnVZYz,sufi
4YRxDV8wJFPHPTeXepOstw,desi pop
4YRxDV8wJFPHPTeXepOstw,filmi
4YRxDV8wJFPHPTeXepOstw,modern bollywood
1wRPtKGflJrBx9BmLsSwlU,desi pop
1wRPtKGflJrBx9BmLsSwlU,filmi
1wRPtKGflJrBx9BmLsSwlU,indian instrumental
1wRPtKGflJrBx9BmLsSwlU,modern bollywood
1UAzmnFgjizIDvtHvnCdEq,desi pop
1UAzmnFgjizIDvtHvnCdEq,modern bollywood
4IJczjB0fJ04gs4uvP0Fli,dance pop
4IJczjB0fJ04gs4uvP0Fli,pop rap
4bYPcJP5jwMhSivRcqie2n,pop rock
77YvCBWe0tTLygpgSJsdOH,tamil pop
7rVV9d6vc4FLT752uRuk71,desi hip hop
7rVV9d6vc4FLT752uRuk71,tamil pop
5FVBduYaeVBb6JIghza7v6,filmi
5FVBduYaeVBb6JIghza7v6,tamil pop
28kGdf2ant8i73Fab2F7xq,desi pop
28kGdf2ant8i73Fab2F7xq,punjabi pop
6DARBhWbfcS9E4yJzcliqQ,desi hip hop
6DARBhWbfcS9E4yJzcliqQ,desi pop
6DARBhWbfcS9E4yJzcliqQ,punjabi pop
72beYOeW2sb2yfcS4JsRvb,desi hip hop
72beYOeW2sb2yfcS4JsRvb,desi pop
72beYOeW2sb2yfcS4JsRvb,hindi indie
72beYOeW2sb2yfcS4JsRvb,indian edm
72beYOeW2sb2yfcS4JsRvb,indian indie
09UmIX92EUH9hAK4bxvHx6,desi pop
09UmIX92EUH9hAK4bxvHx6,filmi
09UmIX92EUH9hAK4bxvHx6,modern bollywood
09UmIX92EUH9hAK4bxvHx6,sufi
4eB5clMaoi0cCRnCwLkkiS,desi pop
4eB5clMaoi0cCRnCwLkkiS,punjabi pop
63yrD80RY3RNEM2YDpUpO8,alt z
63yrD80RY3RNEM2YDpUpO8,dance pop
63yrD80RY3RNEM2YDpUpO8,electropop
63yrD80RY3RNEM2YDpUpO8,pop
6qqNVTkY8uBg9cP3Jd7DAH,electropop
6qqNVTkY8uBg9cP3Jd7DAH,pop
7n2wHs1TKAczGzO7Dd2rGr,canadian pop
7n2wHs1TKAczGzO7Dd2rGr,dance pop
7n2wHs1TKAczGzO7Dd2rGr,pop
7n2wHs1TKAczGzO7Dd2rGr,post-teen pop
7n2wHs1TKAczGzO7Dd2rGr,viral pop
4nDoRrQiYLoBzwC5BhVJzF,dance pop
4nDoRrQiYLoBzwC5BhVJzF,electropop
4nDoRrQiYLoBzwC5BhVJzF,pop
4nDoRrQiYLoBzwC5BhVJzF,post-teen pop
4zCH9qm4R2DADamUHMCa6O,desi hip hop
4zCH9qm4R2DADamUHMCa6O,filmi
4zCH9qm4R2DADamUHMCa6O,tamil hip hop
7uIbLdzzSEqnX0Pkrb56cR,desi pop
7uIbLdzzSEqnX0Pkrb56cR,filmi
7uIbLdzzSEqnX0Pkrb56cR,hindi hip hop
7uIbLdzzSEqnX0Pkrb56cR,modern bollywood
7uIbLdzzSEqnX0Pkrb56cR,sufi
5f4QpKfy7ptCHwTqspnSJI,desi pop
5f4QpKfy7ptCHwTqspnSJI,filmi
5f4QpKfy7ptCHwTqspnSJI,modern bollywood
1ZChN8G1Y7CJ0TXbrvblwS,desi pop
1ZChN8G1Y7CJ0TXbrvblwS,pakistani pop
1ZChN8G1Y7CJ0TXbrvblwS,sufi
1pDF5UltcypyatITA3Pduo,tollywood
7IlRNXHjoOCgEAWN5qYksg,basshall
7IlRNXHjoOCgEAWN5qYksg,francoton
5FOhBMFQo0pDhvISlFmxdi,tamil pop
1Oh5bPXjw5jreVFhKc4jux,desi pop
1Oh5bPXjw5jreVFhKc4jux,punjabi pop
5IH6FPUwQTxPSXurCrcIov,alt z
5IH6FPUwQTxPSXurCrcIov,electropop
5IH6FPUwQTxPSXurCrcIov,pop
1mYsTxnqsietFxj1OgoGbG,desi pop
1mYsTxnqsietFxj1OgoGbG,filmi
1mYsTxnqsietFxj1OgoGbG,modern bollywood
1mYsTxnqsietFxj1OgoGbG,sufi
4W91bbPB2CTSsHwt7eqNl7,desi pop
4W91bbPB2CTSsHwt7eqNl7,filmi
4W91bbPB2CTSsHwt7eqNl7,modern bollywood
4W91bbPB2CTSsHwt7eqNl7,sufi
19LIHDDSHBD5NyYHI3gpzB,filmi
19LIHDDSHBD5NyYHI3gpzB,modern bollywood
19LIHDDSHBD5NyYHI3gpzB,sufi
2sN4fSzAm2rAL0HIurPCEM,desi pop
2sN4fSzAm2rAL0HIurPCEM,punjabi pop
1sVmXkzX2ukc6QvasrDBES,desi pop
1sVmXkzX2ukc6QvasrDBES,filmi
1sVmXkzX2ukc6QvasrDBES,modern bollywood
1vCWHaC5f2uS3yhpwWbIA6,dance pop
1vCWHaC5f2uS3yhpwWbIA6,edm
1vCWHaC5f2uS3yhpwWbIA6,pop
1vCWHaC5f2uS3yhpwWbIA6,pop dance
7d86ERlvO5UG44j7Va0Y0C,indonesian pop
4nd1IvFkUoQinjvYdUmOBI,indonesian pop
20zafXaLhm5IcXnSU93rNn,indonesian pop
6Ifk2cbxyVzT41jLexYCas,indonesian pop
5fS7aONqrIhiw6YzgKVOsd,indonesian pop
3f0GZTXzBCmd5IBiMfsh1H,indonesian folk pop
3TkSKriI4EZmTxSFyzs0fd,indonesian jazz
3TkSKriI4EZmTxSFyzs0fd,indonesian pop
3TkSKriI4EZmTxSFyzs0fd,jazz pop
4YXNoMVTHRt01jYaKXTumJ,korean electronic
6jV25rzTKQ2zMgrqHha1V5,k-pop
7cVZApDoQZpS447nHTsNqu,k-pop
7cVZApDoQZpS447nHTsNqu,korean pop
3hvinNZRzTLoREmqFiKr1b,k-rap
3hvinNZRzTLoREmqFiKr1b,korean pop
3hvinNZRzTLoREmqFiKr1b,korean r&b
3tMTXQyRrPmMyHv5SoC0TV,indonesian pop
3IvlMYb5AvKRfNt7vR8PNP,indonesian pop
4Z9pg3LzMfuuSgl3hMDYuG,indonesian city pop
4Z9pg3LzMfuuSgl3hMDYuG,indonesian indie
4Z9pg3LzMfuuSgl3hMDYuG,indonesian pop
0D0AtqH4LxV9AkcdMqKkLY,indonesian jazz
0D0AtqH4LxV9AkcdMqKkLY,indonesian pop
28DdkLhrzQNizZ0ExQpyku,indonesian pop
3AVfmawzu83sp94QW7CEGm,alt z
3AVfmawzu83sp94QW7CEGm,dance pop
3AVfmawzu83sp94QW7CEGm,electropop
3AVfmawzu83sp94QW7CEGm,indie cafe pop
3AVfmawzu83sp94QW7CEGm,norwegian pop
3AVfmawzu83sp94QW7CEGm,pop
3AVfmawzu83sp94QW7CEGm,post-teen pop
3AVfmawzu83sp94QW7CEGm,tropical house
3AVfmawzu83sp94QW7CEGm,uk pop
2kxP07DLgs4xlWz8YHlvfh,chill r&b
2kxP07DLgs4xlWz8YHlvfh,indonesian r&b
2kxP07DLgs4xlWz8YHlvfh,pop
7eKNo6fozgNsKThGC40ol7,indonesian folk pop
51kyrUsAVqUBcoDEMFkX12,indonesian indie
51kyrUsAVqUBcoDEMFkX12,indonesian pop
0kPb52ySN2k9P6wEZPTUzm,indonesian pop
5ghnxpW47ojtLHHyTLdxdY,pop rap
0azPQZGt11gedg5Le9hjC2,indonesian folk pop
0azPQZGt11gedg5Le9hjC2,indonesian indie
0MeOKtKKNYUBM075fR930L,korean ost
3e7awlrlDSwF3iM0WBjGMp,dance pop
3e7awlrlDSwF3iM0WBjGMp,girl group
3e7awlrlDSwF3iM0WBjGMp,pop
3e7awlrlDSwF3iM0WBjGMp,post-teen pop
3e7awlrlDSwF3iM0WBjGMp,talent show
3e7awlrlDSwF3iM0WBjGMp,uk pop
6uQl3gu1AIXyvqCAxnc2q4,israeli mediterranean
3cDi1D2FHMVgljfdB1QVgr,israeli pop
7hD6dkjWHapWVwkI6bjDFo,festigal
7hD6dkjWHapWVwkI6bjDFo,israeli pop
1wak0ZG1LUrZPYx8RDTQoD,israeli pop
1IAEef07H0fd9aA8aUHUlL,israeli mediterranean
1IAEef07H0fd9aA8aUHUlL,israeli pop
1IAEef07H0fd9aA8aUHUlL,mizrahi
5p205uKfxztlzI3oD15AKf,israeli pop
6Kwkb16geAot0de45IW9Ox,israeli pop
5VwCIS8jdx9ZHjApLFNrTZ,israeli hip hop
5VwCIS8jdx9ZHjApLFNrTZ,israeli indie
54jZWpivOTllo1afYNSx5U,israeli mediterranean
54jZWpivOTllo1afYNSx5U,israeli pop
54jZWpivOTllo1afYNSx5U,mizrahi
54jZWpivOTllo1afYNSx5U,persian pop
2CzKRJPoPZmRDAfTh8Hh1J,classic israeli pop
2CzKRJPoPZmRDAfTh8Hh1J,israeli rock
0urEonXMEzc3F5BX7PXTuk,classic israeli pop
0urEonXMEzc3F5BX7PXTuk,israeli rock
6m6sG9LbCntHv6lZ4nAubC,classic israeli pop
3VTm1513t2LL1mSKzzyQuj,israeli pop
3ObnkOSF8KZ9405ZPJtwbB,classic israeli pop
3ObnkOSF8KZ9405ZPJtwbB,israeli rock
3JPKPnzWJGjccn8SnjwA5i,israeli mediterranean
4iWsyISSQEYGxdqBNVwqtA,israeli pop
4iWsyISSQEYGxdqBNVwqtA,israeli singer-songwriter
343YYaA5MSjiZZ5cGyTr4u,israeli pop
57PnQxsNvOvG2ZDElDEUjW,israeli singer-songwriter
110wHDAsaXDaKKdUztwGlE,classic israeli pop
7hzAtM9sug5TCxGUIR7by3,israeli pop
4XRymSxqMfKCkA6njs39lM,israeli hip hop
4XRymSxqMfKCkA6njs39lM,israeli trap
0xHa28taiElkcQf9o3z76g,israeli pop
0xHa28taiElkcQf9o3z76g,jewish pop
6UReeaqNcjIfzIH13kTHKE,israeli pop
2a76fsDcTl6A43zwaFNPr4,classic israeli pop
2a76fsDcTl6A43zwaFNPr4,israeli indie
2a76fsDcTl6A43zwaFNPr4,israeli pop
5CXvT1JutlWVLJN8YEOf1h,israeli pop
2eUKkTNZsIuZzV95DM0cbt,israeli mediterranean
2eUKkTNZsIuZzV95DM0cbt,israeli pop
5UbgVjyCkpIMOzQuOI4DOW,classic israeli pop
5UbgVjyCkpIMOzQuOI4DOW,israeli singer-songwriter
6ltKIf1bortd0DQbpgKdQu,israeli hip hop
2JQK9mzxqKz16lSgICHDTx,israeli hip hop
2JQK9mzxqKz16lSgICHDTx,israeli trap
08v1r0jqDyvSo2LtSqHxcy,canadian hip hop
08v1r0jqDyvSo2LtSqHxcy,trap soul
08v1r0jqDyvSo2LtSqHxcy,underground hip hop
1L8QE7iUTf9330wcKxnieK,classic israeli pop
1L8QE7iUTf9330wcKxnieK,israeli pop
1L8QE7iUTf9330wcKxnieK,israeli rock
1L8QE7iUTf9330wcKxnieK,israeli singer-songwriter
26lUUiDmS9zj1LOOCkZUiS,israeli hip hop
26lUUiDmS9zj1LOOCkZUiS,israeli trap
0wVxjQGYkyNh5qQsVCZWlo,israeli pop
55jryyk7RhvMbrvoF0ndBh,russian hip hop
0hmUwzWBrPHpGWGrYH05c3,russian hip hop
52SusfPq6EW5PgrjUqMHSy,latvian pop
3DjJiiOy3bJ9JFn81mxbWS,latvian pop
1G4EpdOVG07CIlZY8hz59F,latvian pop
1fLIzbK5e8MGrLKj1dEMsg,russian edm
1fLIzbK5e8MGrLKj1dEMsg,russian hip hop
1fLIzbK5e8MGrLKj1dEMsg,russian pop
0XNKQFs2Ewb3y0VsFUFc5l,russian hip hop
0XNKQFs2Ewb3y0VsFUFc5l,russian trap
3X4o7qy1ci4qtCVg2AtuXb,latvian hip hop
3X4o7qy1ci4qtCVg2AtuXb,latvian pop
6l3HvQ5sa6mXTsMTB19rO5,conscious hip hop
6l3HvQ5sa6mXTsMTB19rO5,hip hop
6l3HvQ5sa6mXTsMTB19rO5,north carolina hip hop
6l3HvQ5sa6mXTsMTB19rO5,rap
3E31HqA00iCX9nRhesw6LD,dutch hip hop
3E31HqA00iCX9nRhesw6LD,dutch pop
5vmwWgrlwCfHm1P0vdDFbU,dutch pop
5vmwWgrlwCfHm1P0vdDFbU,dutch rock
77IW5ZK1smDQYYKDCQugXh,dutch pop
77IW5ZK1smDQYYKDCQugXh,dutch rock
5wV3FoaNbDB6X9INuQvs1K,dutch pop
5wV3FoaNbDB6X9INuQvs1K,dutch rap pop
5eir5zFJpES4j7gsymbVyl,dutch hip hop
5eir5zFJpES4j7gsymbVyl,dutch pop
5eir5zFJpES4j7gsymbVyl,dutch rap pop
50o63K3IrY47g46E8R071Y,dutch cabaret
50o63K3IrY47g46E8R071Y,dutch pop
50o63K3IrY47g46E8R071Y,dutch rock
6kBlEsdNeNW2qnmW56xDhx,dutch hip hop
6kBlEsdNeNW2qnmW56xDhx,dutch indie
6kBlEsdNeNW2qnmW56xDhx,dutch pop
6kBlEsdNeNW2qnmW56xDhx,dutch rock
0IxgA9wO4Op3CSnPlhfwV1,dutch hip hop
0IxgA9wO4Op3CSnPlhfwV1,dutch rap pop
3AlRiyjMywTVNzTcHbf9QT,dutch hip hop
3AlRiyjMywTVNzTcHbf9QT,dutch pop
3AlRiyjMywTVNzTcHbf9QT,dutch rap pop
2ylIKKdMukkuprCgY4ZDFE,dutch hip hop
3VVxpV5qfkhLkLZjXB274t,carnaval
3VVxpV5qfkhLkLZjXB274t,dutch pop
3VVxpV5qfkhLkLZjXB274t,levenslied
3R6VoMjUANEP9wb7fRNXws,dutch pop
4iCzh7b2cLbHVsPOwhr8W0,dutch hip hop
4iCzh7b2cLbHVsPOwhr8W0,dutch rap pop
2WBJQGf1bT1kxuoqziH5g4,deep house
2WBJQGf1bT1kxuoqziH5g4,house
2WBJQGf1bT1kxuoqziH5g4,tropical house
4FrXHrpbDLNyO3pbVv8RmF,sheffield indie
7IiSLreTg1of8dDwxwiPw3,dutch indie
7IiSLreTg1of8dDwxwiPw3,dutch pop
7IiSLreTg1of8dDwxwiPw3,dutch rock
7IiSLreTg1of8dDwxwiPw3,folk-pop
5wwneIFdawNgQ7GvKK29Z3,dance pop
5wwneIFdawNgQ7GvKK29Z3,edm
5wwneIFdawNgQ7GvKK29Z3,electro house
5wwneIFdawNgQ7GvKK29Z3,pop dance
5wwneIFdawNgQ7GvKK29Z3,pop edm
5wwneIFdawNgQ7GvKK29Z3,tropical house
2P3cjUru4H3fhSXXNxE9kA,boy band
2P3cjUru4H3fhSXXNxE9kA,dance pop
2P3cjUru4H3fhSXXNxE9kA,hip hop
2P3cjUru4H3fhSXXNxE9kA,hip pop
2P3cjUru4H3fhSXXNxE9kA,neo soul
2P3cjUru4H3fhSXXNxE9kA,new jack swing
2P3cjUru4H3fhSXXNxE9kA,pop rap
2P3cjUru4H3fhSXXNxE9kA,quiet storm
2P3cjUru4H3fhSXXNxE9kA,r&b
2P3cjUru4H3fhSXXNxE9kA,rap
2P3cjUru4H3fhSXXNxE9kA,urban contemporary
1wFoE1RwBMWoWkXcFrCgsx,dutch hip hop
1wFoE1RwBMWoWkXcFrCgsx,dutch rap pop
1bObiFZkYu7IfzxVlAVj5x,dutch americana
1bObiFZkYu7IfzxVlAVj5x,dutch pop
1bObiFZkYu7IfzxVlAVj5x,dutch rock
1bObiFZkYu7IfzxVlAVj5x,dutch singer-songwriter
1bObiFZkYu7IfzxVlAVj5x,nederpop
438nTuoZFCZCyBl33jE9dU,dutch hip hop
438nTuoZFCZCyBl33jE9dU,dutch rap pop
6zEaCvF0CqEHs7kFyBkLHi,dutch hip hop
6zEaCvF0CqEHs7kFyBkLHi,dutch rap pop
51MxI9mWmRMPLK9eNlyQ7o,dutch hip hop
51MxI9mWmRMPLK9eNlyQ7o,dutch rap pop
51MxI9mWmRMPLK9eNlyQ7o,rap belge
30mNTnmvPn3HwXA5dW1Iza,dutch pop
30mNTnmvPn3HwXA5dW1Iza,dutch rock
1caoBfXJrbKCwIaTzGkyHn,nz pop
1caoBfXJrbKCwIaTzGkyHn,nz reggae
1caoBfXJrbKCwIaTzGkyHn,polynesian pop
0iWMmFScSBxj1z3IisnGkB,nz pop
3eAOH2az3fQIfX2UAw0FfC,nz reggae
32GMj177nVLZPp3lqVrCXp,nz hip hop
0PK0Dx3s9et0Uf4XbdFpiW,nz reggae
0PK0Dx3s9et0Uf4XbdFpiW,polynesian pop
6S0IvKlvPMX1RtAYtVpUV8,australian pop
6S0IvKlvPMX1RtAYtVpUV8,nz pop
29b16XDtyMXDrfo2hZ69wf,trap venezolano
29b16XDtyMXDrfo2hZ69wf,venezuelan hip hop
3m5qlPf2OkihLz3dRYnkPA,colombian pop
3m5qlPf2OkihLz3dRYnkPA,latin
3m5qlPf2OkihLz3dRYnkPA,latin pop
3m5qlPf2OkihLz3dRYnkPA,reggaeton
3m5qlPf2OkihLz3dRYnkPA,reggaeton colombiano
5H1nN1SzW0qNeUEZvuXjAj,latin
5H1nN1SzW0qNeUEZvuXjAj,latin pop
5H1nN1SzW0qNeUEZvuXjAj,pop venezolano
5H1nN1SzW0qNeUEZvuXjAj,reggaeton
5H1nN1SzW0qNeUEZvuXjAj,trap latino
5H1nN1SzW0qNeUEZvuXjAj,tropical
0eHQ9o50hj6ZDNBt6Ys1sD,latin
0eHQ9o50hj6ZDNBt6Ys1sD,latin hip hop
0eHQ9o50hj6ZDNBt6Ys1sD,reggaeton
0eHQ9o50hj6ZDNBt6Ys1sD,reggaeton flow
0eHQ9o50hj6ZDNBt6Ys1sD,trap latino
0eHQ9o50hj6ZDNBt6Ys1sD,tropical
5bWUlnPx9OYKsLiUJrhCA1,reggaeton
5bWUlnPx9OYKsLiUJrhCA1,reggaeton flow
5bWUlnPx9OYKsLiUJrhCA1,trap latino
1ljNTY4uIBecRJmy69UNWt,latin
1ljNTY4uIBecRJmy69UNWt,latin hip hop
1ljNTY4uIBecRJmy69UNWt,perreo
1ljNTY4uIBecRJmy69UNWt,reggaeton
1ljNTY4uIBecRJmy69UNWt,tropical
2ngiK5FQchV4i7eOyXOXKt,russian drill
2ngiK5FQchV4i7eOyXOXKt,russian hip hop
2ngiK5FQchV4i7eOyXOXKt,russian trap
3TikHXhctY4FUIMlkl0tzR,russian drill
3TikHXhctY4FUIMlkl0tzR,russian hip hop
3TikHXhctY4FUIMlkl0tzR,russian trap
0xByDfltDVpk6LDsUMHyI2,russian alt pop
0xByDfltDVpk6LDsUMHyI2,russian electronic
07tFgedhta5b5WaF0Yj4bH,russian alt pop
07tFgedhta5b5WaF0Yj4bH,russian hip hop
07tFgedhta5b5WaF0Yj4bH,russian trap
3Th60WEZwIWceINQVE4Ipx,russian hip hop
3Th60WEZwIWceINQVE4Ipx,russian trap
4uWhcZCwuPopf6JGvwsN2B,russian alt pop
4uWhcZCwuPopf6JGvwsN2B,russian pop
7blTwZGiTplsvBEvYOsDot,russian pop
5NipqMGsY4AUeb7kGT8aVz,russian emo rap
5NipqMGsY4AUeb7kGT8aVz,russian hip hop
5NipqMGsY4AUeb7kGT8aVz,russian trap
5MNSosfX9IiRNNAfcbLrEl,russian hip hop
15fKXF1z3Us6ce3O4gGBKs,russian emo rap
15fKXF1z3Us6ce3O4gGBKs,russian hip hop
15fKXF1z3Us6ce3O4gGBKs,russian trap
78G8FdUykcn02tsgMLi3q0,new weird finland
78G8FdUykcn02tsgMLi3q0,russian hip hop
78G8FdUykcn02tsgMLi3q0,russian viral rap
7drPVZKqAnbY227UltZV3l,russian emo rap
0Eu1T2eous06I1bM774jN1,russian viral pop
2KoLmBXwsgMkfAvoPBlPmb,russian hip hop
2KoLmBXwsgMkfAvoPBlPmb,russian pop
3vvLuXEEf7sl3izJcw0GIn,kazakh pop
3vvLuXEEf7sl3izJcw0GIn,russian hip hop
3vvLuXEEf7sl3izJcw0GIn,russian trap
0qc4X567Fs1DUbQ7bS2XSJ,classic russian rock
0qc4X567Fs1DUbQ7bS2XSJ,horror punk
0qc4X567Fs1DUbQ7bS2XSJ,russian folk rock
0qc4X567Fs1DUbQ7bS2XSJ,russian metal
0qc4X567Fs1DUbQ7bS2XSJ,russian punk
0qc4X567Fs1DUbQ7bS2XSJ,russian punk rock
0qc4X567Fs1DUbQ7bS2XSJ,russian rock
0qc4X567Fs1DUbQ7bS2XSJ,russian ska
4mWdGXvLBhz5i2Qe5swRXb,russian hip hop
4mWdGXvLBhz5i2Qe5swRXb,russian trap
1kxqshyCqWuOQJNCTgHKzM,russian viral pop
4ywf1iH1ruKEcfpCgfJvyA,russian dance pop
4ywf1iH1ruKEcfpCgfJvyA,russian pop
6TLwD7HPWuiOzvXEa3oCNe,alternative hip hop
27kGBCjiz5OXojkKX4xQ6R,russian drill
27kGBCjiz5OXojkKX4xQ6R,russian hip hop
27kGBCjiz5OXojkKX4xQ6R,russian trap
01lZudgXsojt5TBHuygB8r,russian hip hop
01lZudgXsojt5TBHuygB8r,russian pop
01lZudgXsojt5TBHuygB8r,russian trap
2eiThpX5zH6LFmqP2HY1hL,russian alt pop
2eiThpX5zH6LFmqP2HY1hL,russian pop
3I9Bd4StaxvFWPG9AAjlrO,russian hip hop
3I9Bd4StaxvFWPG9AAjlrO,russian viral rap
5NMwoStnfHT4LdETlJSwDT,russian hip hop
5NMwoStnfHT4LdETlJSwDT,russian trap
6OTMjaRQ9kxdwoPRYTmyOM,russian dance
6OTMjaRQ9kxdwoPRYTmyOM,russian dance pop
6OTMjaRQ9kxdwoPRYTmyOM,russian hip hop
6OTMjaRQ9kxdwoPRYTmyOM,russian pop
6OTMjaRQ9kxdwoPRYTmyOM,ukrainian pop
2ISiyx4DLCMAMBCvPesCoq,russian dance
2ISiyx4DLCMAMBCvPesCoq,russian pop
1kmpkcYbuaZ8tnFejLzkj2,russian gangster rap
1kmpkcYbuaZ8tnFejLzkj2,russian hip hop
1kmpkcYbuaZ8tnFejLzkj2,russian reggae
1WAB4gjjNfQpAgT5SoAbRE,russian drill
1WAB4gjjNfQpAgT5SoAbRE,russian hip hop
1WAB4gjjNfQpAgT5SoAbRE,russian trap
5zXGVPJHUzQPUXKA7AlTi5,russian dance pop
5zXGVPJHUzQPUXKA7AlTi5,russian pop
5zXGVPJHUzQPUXKA7AlTi5,ukrainian pop
1pvmXh50KezixmCHnp9XvV,russian dance pop
1pvmXh50KezixmCHnp9XvV,russian pop
1H1zBr7TXFwTwsHU5kX9gW,russian drill
1H1zBr7TXFwTwsHU5kX9gW,russian hip hop
1H1zBr7TXFwTwsHU5kX9gW,russian trap
6E94QKXZv8BbO6QQJxcxLI,flamenco urbano
6E94QKXZv8BbO6QQJxcxLI,pop flamenco
5TYxZTjIPqKM8K8NuP9woO,urbano espanol
3jc496ljiyrS3ECrD7QiqL,flamenco
3jc496ljiyrS3ECrD7QiqL,rumba
3jc496ljiyrS3ECrD7QiqL,world
3pUWmkSef9vJOPDViYGZ5L,flamenco guitar
3lY9Fxceu60W1rbon7PkuF,flamenco urbano
3lY9Fxceu60W1rbon7PkuF,trap latino
3lY9Fxceu60W1rbon7PkuF,urbano espanol
6k8mwkKJKKjBILo7ypBspl,latin pop
6k8mwkKJKKjBILo7ypBspl,spanish pop
5RzT7CM6Ot0sh0EHefMicV,dominican pop
5RzT7CM6Ot0sh0EHefMicV,tropical
1QJbbsxg2wqidJj51d3otw,rap espanol
1QJbbsxg2wqidJj51d3otw,rap underground espanol
1QJbbsxg2wqidJj51d3otw,spanish hip hop
1QJbbsxg2wqidJj51d3otw,urbano espanol
4bWHA8fMNjzfGPQqnh5D6y,rap espanol
4bWHA8fMNjzfGPQqnh5D6y,urbano espanol
5IbUz6BcOu6IVY512oxavP,spanish pop
7xtnpHS34mLlxGZDVUBHSU,pop flamenco
7xtnpHS34mLlxGZDVUBHSU,rumba
7xtnpHS34mLlxGZDVUBHSU,spanish pop
7xtnpHS34mLlxGZDVUBHSU,spanish pop rock
4F4pp8NUW08JuXwnoxglpN,rap catala
4F4pp8NUW08JuXwnoxglpN,rap latina
4F4pp8NUW08JuXwnoxglpN,trap catala
4F4pp8NUW08JuXwnoxglpN,trap latino
4F4pp8NUW08JuXwnoxglpN,urbano espanol
46pWGuE3dSwY3bMMXGBvVS,nigerian pop
2T3D6kBjXg7ofm7GXBaDQU,rap espanol
1nwjHzOUQZsNYX8xoWiGVC,rap espanol
1nwjHzOUQZsNYX8xoWiGVC,trap triste
1nwjHzOUQZsNYX8xoWiGVC,urbano espanol
1GDbiv3spRmZ1XdM1jQbT7,latin
1GDbiv3spRmZ1XdM1jQbT7,latin pop
1GDbiv3spRmZ1XdM1jQbT7,rap latina
1GDbiv3spRmZ1XdM1jQbT7,reggaeton
1GDbiv3spRmZ1XdM1jQbT7,trap latino
1GDbiv3spRmZ1XdM1jQbT7,tropical
7cYik4OyfBXYV5Z2TI7p90,colombian pop
7cYik4OyfBXYV5Z2TI7p90,rap latina
7cYik4OyfBXYV5Z2TI7p90,reggaeton colombiano
0L1f9i3L3fkMNENljDOsjG,italian hip hop
0L1f9i3L3fkMNENljDOsjG,italian pop
0L1f9i3L3fkMNENljDOsjG,pop virale italiano
0L1f9i3L3fkMNENljDOsjG,rap napoletano
0Q8NcsJwoCbZOHHW63su5S,reggaeton
0Q8NcsJwoCbZOHHW63su5S,reggaeton flow
0Q8NcsJwoCbZOHHW63su5S,trap latino
68dW5BU6sdVNf099EylxEt,swedish idol pop
68dW5BU6sdVNf099EylxEt,swedish pop
0kKygNaCQjqVLrImIftRDJ,swedish gangsta rap
0kKygNaCQjqVLrImIftRDJ,swedish hip hop
0kKygNaCQjqVLrImIftRDJ,swedish pop
0kKygNaCQjqVLrImIftRDJ,swedish trap
0kKygNaCQjqVLrImIftRDJ,swedish trap pop
2zd9YxlsQvA5mkZ1NarYVQ,swedish idol pop
2zd9YxlsQvA5mkZ1NarYVQ,swedish pop
6RJXSfbIkEMoCJ8GAg2dVO,swedish idol pop
6RJXSfbIkEMoCJ8GAg2dVO,swedish pop
1BwDWgdDJe3TJXLZkBkpsI,swedish pop
0NRMzT05nsc8mTm4iUvuHY,europop
0NRMzT05nsc8mTm4iUvuHY,swedish idol pop
0NRMzT05nsc8mTm4iUvuHY,swedish pop
5wXRHaEx8AvtUv0gyZHGf6,swedish idol pop
5wXRHaEx8AvtUv0gyZHGf6,swedish pop
5uvOG0MwnD2ANrxNBUPtNr,swedish drill
5uvOG0MwnD2ANrxNBUPtNr,swedish gangsta rap
5uvOG0MwnD2ANrxNBUPtNr,swedish hip hop
5uvOG0MwnD2ANrxNBUPtNr,swedish trap
5uvOG0MwnD2ANrxNBUPtNr,swedish trap pop
0I0zS0aiq9JeGMBT45x6d8,swedish gangsta rap
0I0zS0aiq9JeGMBT45x6d8,swedish hip hop
0I0zS0aiq9JeGMBT45x6d8,swedish trap pop
523y9KSneKh6APd1hKxLuF,south african house
4cfKtwkefMW3aiXtxfw8w6,south african pop
3tl4Gc5RItD9lE6MJZGhLg,gotlandsk musik
6rYEqmajzlhGVaayOJ2bpJ,swedish gangsta rap
6rYEqmajzlhGVaayOJ2bpJ,swedish hip hop
6rYEqmajzlhGVaayOJ2bpJ,swedish trap
6rYEqmajzlhGVaayOJ2bpJ,swedish trap pop
7jEEE187pVG6InOxn03oA5,swedish pop
59E9dYtwLTUAGuAppwFKAW,scandinavian r&b
59E9dYtwLTUAGuAppwFKAW,swedish dancehall
59E9dYtwLTUAGuAppwFKAW,swedish drill
59E9dYtwLTUAGuAppwFKAW,swedish hip hop
59E9dYtwLTUAGuAppwFKAW,swedish pop
59E9dYtwLTUAGuAppwFKAW,swedish trap pop
51TXQniEQkYh89tfLjiuSy,swedish drill
51TXQniEQkYh89tfLjiuSy,swedish gangsta rap
51TXQniEQkYh89tfLjiuSy,swedish hip hop
51TXQniEQkYh89tfLjiuSy,swedish trap
51TXQniEQkYh89tfLjiuSy,swedish trap pop
6HYjkczJfUdGcwIGPOq5P2,swedish idol pop
6HYjkczJfUdGcwIGPOq5P2,swedish pop
4XW87HXcsYTkdK7IhSy2Kt,swedish gangsta rap
4XW87HXcsYTkdK7IhSy2Kt,swedish hip hop
4XW87HXcsYTkdK7IhSy2Kt,swedish trap
4XW87HXcsYTkdK7IhSy2Kt,swedish trap pop
2DWNa2o3BbsIHeBq7Iu6E7,swedish pop
1Xylc3o4UrD53lo9CvFvVg,dance pop
1Xylc3o4UrD53lo9CvFvVg,edm
1Xylc3o4UrD53lo9CvFvVg,electropop
1Xylc3o4UrD53lo9CvFvVg,pop
1Xylc3o4UrD53lo9CvFvVg,pop dance
1Xylc3o4UrD53lo9CvFvVg,post-teen pop
1Xylc3o4UrD53lo9CvFvVg,scandipop
1Xylc3o4UrD53lo9CvFvVg,swedish electropop
1Xylc3o4UrD53lo9CvFvVg,swedish pop
1Xylc3o4UrD53lo9CvFvVg,tropical house
3pvc2tagjnl9pGIi6BBfIS,swedish gangsta rap
3pvc2tagjnl9pGIi6BBfIS,swedish hip hop
3pvc2tagjnl9pGIi6BBfIS,swedish trap pop
1aA5OGASCVhznQYm71BMYg,barnmusik
0Q5gLNKbp5mpfEvquAaHCl,swedish gangsta rap
0Q5gLNKbp5mpfEvquAaHCl,swedish hip hop
0Q5gLNKbp5mpfEvquAaHCl,swedish trap
0Q5gLNKbp5mpfEvquAaHCl,swedish trap pop
4zGH6gaO4NohcfCXZ31bQG,europop
4zGH6gaO4NohcfCXZ31bQG,eurovision
4zGH6gaO4NohcfCXZ31bQG,swedish idol pop
4zGH6gaO4NohcfCXZ31bQG,swedish pop
5wOlRsRt9ggoBDjjmhaF7x,danspunk
5wOlRsRt9ggoBDjjmhaF7x,swedish eurodance
5CPsScBTPYY11Lv4Eb7k4t,europop
5CPsScBTPYY11Lv4Eb7k4t,eurovision
5CPsScBTPYY11Lv4Eb7k4t,swedish pop
7lKk7yXNockkDjhb1GCeOy,swedish drill
7lKk7yXNockkDjhb1GCeOy,swedish gangsta rap
7lKk7yXNockkDjhb1GCeOy,swedish hip hop
7lKk7yXNockkDjhb1GCeOy,swedish trap
7lKk7yXNockkDjhb1GCeOy,swedish trap pop
1gm1katIowFM22Ldqcw6DK,swedish hip hop
1gm1katIowFM22Ldqcw6DK,swedish trap pop
3uFum0NCM1PtmCO0MwsOAt,classic swedish pop
3uFum0NCM1PtmCO0MwsOAt,europop
3uFum0NCM1PtmCO0MwsOAt,swedish pop
4tSx9oXscGCVaVXEhH86qp,swedish gangsta rap
4tSx9oXscGCVaVXEhH86qp,swedish hip hop
4tSx9oXscGCVaVXEhH86qp,swedish trap pop
6RYT3r4anXD8WAGOw6T8El,eurovision
6RYT3r4anXD8WAGOw6T8El,melodipop
5tVyieWwN9j09jXUovK2zN,europop
5tVyieWwN9j09jXUovK2zN,swedish idol pop
5tVyieWwN9j09jXUovK2zN,swedish pop
6g641431O1Xkl7HAs2yFEg,mandopop
6g641431O1Xkl7HAs2yFEg,taiwan indie
6g641431O1Xkl7HAs2yFEg,taiwan pop
6g641431O1Xkl7HAs2yFEg,taiwanese indie
6xErgeZYatiaQ36SB5bvi8,chinese indie
6xErgeZYatiaQ36SB5bvi8,mandopop
6xErgeZYatiaQ36SB5bvi8,taiwan indie
7nKA1c1Qn6nI0XA8yburf3,mainland chinese pop
4MMQmzYiUiuD8VwjrJu3v6,mandopop
4MMQmzYiUiuD8VwjrJu3v6,taiwan singer-songwriter
6QYehwA9q6UQEMs1Vak0uy,mandopop
6QYehwA9q6UQEMs1Vak0uy,singaporean mandopop
6QYehwA9q6UQEMs1Vak0uy,singaporean singer-songwriter
7aRC4L63dBn3CiLDuWaLSI,mandopop
0E6oEhZZtQvj811iXQFLrB,mandopop
0E6oEhZZtQvj811iXQFLrB,taiwan pop
0E6oEhZZtQvj811iXQFLrB,taiwan singer-songwriter
5rEuIFwgGGp7t4b3t8ShJw,taiwan hip hop
2qXGNIlmY3JrYkxOWyXZsd,chinese r&b
2qXGNIlmY3JrYkxOWyXZsd,mandopop
2qXGNIlmY3JrYkxOWyXZsd,taiwan hip hop
3aIDSTKS9yH745GUQBxDcS,c-pop
3aIDSTKS9yH745GUQBxDcS,malaysian mandopop
3aIDSTKS9yH745GUQBxDcS,mandopop
5PNcqs6EtD6gSXgUiiJIUU,chinese viral pop
5PNcqs6EtD6gSXgUiiJIUU,mandopop
5PNcqs6EtD6gSXgUiiJIUU,taiwan singer-songwriter
6qzfo7jiO4OrhxrvPFPlWX,c-pop
6qzfo7jiO4OrhxrvPFPlWX,classic mandopop
6qzfo7jiO4OrhxrvPFPlWX,mandopop
6qzfo7jiO4OrhxrvPFPlWX,taiwan pop
6qzfo7jiO4OrhxrvPFPlWX,taiwan singer-songwriter
01u3qI3xMGFvktXyRSMGRZ,mandopop
01u3qI3xMGFvktXyRSMGRZ,taiwan singer-songwriter
6zCAdMK7SVxKyGMnAc26Cy,c-pop
6zCAdMK7SVxKyGMnAc26Cy,mandopop
4xlAHgZnzzPHtoKnev0gwJ,chinese indie
4xlAHgZnzzPHtoKnev0gwJ,mandopop
16s0YTFcyjP4kgFwt7ktrY,mandopop
16s0YTFcyjP4kgFwt7ktrY,taiwan pop
4TcOznbEZBqev21LzAH4KE,mandopop
4TcOznbEZBqev21LzAH4KE,taiwan hip hop
4TcOznbEZBqev21LzAH4KE,taiwan pop
6taSlFSqCqAEUHOliFyHt7,mainland chinese pop
2WhGojaMjv4VVn2HQSqrLM,cumbia pop
4oZolC0sCwCAKqsNXfRlVS,cumbia pop
4PdggFNYwGfjRfkdG5OfES,cumbia pop
4SgKWjM7cJDCh2aY9H4HZf,cumbia pop
4SgKWjM7cJDCh2aY9H4HZf,cumbia villera
2to8xMgnoxHCXPF7eWJPvg,cumbia paraguaya
2to8xMgnoxHCXPF7eWJPvg,cumbia pop
2to8xMgnoxHCXPF7eWJPvg,cumbia villera
1l6UgL5G16tId4qoYH8qJn,cumbia pop
3Ufoo4BPShhahtCSjgpBLP,v-pop
3LbBKYlyMaATS8IIe7HJ0d,v-pop
3FwYnbtGNt8hJfjNuOfpeG,v-pop
51wGpVg4Z3lv1IjuZAQjXn,v-pop
6OzE2OdvV2tGAxSBsBuZ74,v-pop
6OzE2OdvV2tGAxSBsBuZ74,vietnamese singer-songwriter
5dfZ5uSmzR7VQK0udbAVpf,v-pop
2xvW7dgL1640K8exTcRMS4,indie viet
2xvW7dgL1640K8exTcRMS4,v-pop
4x1fUORHa2EsxrQ6ZzAoQ0,v-pop
0gGd4WhPXBSgDX6fdOHcOw,v-pop
0gGd4WhPXBSgDX6fdOHcOw,vietnamese hip hop
1WvNgEoB66jmHodcj15Zi9,v-pop
1WvNgEoB66jmHodcj15Zi9,vietnamese hip hop
7sI2avJ3MyFstC9oKNM7py,v-pop
3nGqUwkJHiLPDECMVrX1Sq,v-pop
2KUMXzsDcJqXZW0CRh07zP,v-pop
0DL9VpY3UsZWQyDOO5Ej2o,v-pop
57g2v7gJZepcwsuwssIfZs,indie viet
57g2v7gJZepcwsuwssIfZs,rock viet
57g2v7gJZepcwsuwssIfZs,v-pop
57g2v7gJZepcwsuwssIfZs,vietnamese singer-songwriter
2xK6qcvfXuFFbU0NL95aeo,v-pop
2xK6qcvfXuFFbU0NL95aeo,vietnamese singer-songwriter
6zUWZmyi5MLOEynQ5wCI5f,indie viet
6zUWZmyi5MLOEynQ5wCI5f,v-pop
6zUWZmyi5MLOEynQ5wCI5f,vietnamese hip hop
4e5LAUvM35jleGg8gElTsP,v-pop
4bPYvyUn1mWwUwIW57oST2,vietnamese hip hop
2aQnC3DbZB9GbauvhAw7ve,v-pop
7Cp2hGcriAaDUAWpXnSEwm,indie viet
2rVYwIYNEsMxtt8j5yemHb,indie viet
2rVYwIYNEsMxtt8j5yemHb,v-pop
5TSjLaWHQ69GaALubAM7gR,v-pop
0IdAjS2LRieBR3gzoazdAw,v-pop
4jQZaxfgwiUJFQagCyZNV4,vietnamese hip hop
0EOMdQwzUG6CKh9oWvcANr,vietnamese hip hop
6ZmHJcmCcc9X2sAyz6cHng,v-pop
3OeYidiG0MAcGmiSwTHZf6,v-pop
3KJopZ2uUclqEtLxQg0FNn,v-pop
1LEtM3AleYg1xabW6CRkpi,indie viet
1LEtM3AleYg1xabW6CRkpi,v-pop
1LEtM3AleYg1xabW6CRkpi,vietnamese hip hop
7H9jPV9qWyp6V629038aXU,v-pop
7H9jPV9qWyp6V629038aXU,vietnamese hip hop
7H9jPV9qWyp6V629038aXU,vietnamese singer-songwriter
3rjcQ5VIWCN4q7UFetzdeO,v-pop
3rjcQ5VIWCN4q7UFetzdeO,vietnamese hip hop
6NF9Oa4ThQWCj6mogFSrVD,indie viet
6NF9Oa4ThQWCj6mogFSrVD,v-pop
3diftVOq7aEIebXKkC34oR,indie viet
3diftVOq7aEIebXKkC34oR,v-pop
3diftVOq7aEIebXKkC34oR,vietnamese hip hop
5fa13NJjmn2uQ3dxZDi2Ge,v-pop
0qkGQFUrj8ERPAZcdpa79j,v-pop
2nSO7JYDbJrYbJmP39qUzj,v-pop
2nSO7JYDbJrYbJmP39qUzj,vietnamese hip hop
0r63ReVRjxrS4ATbLrdcrL,v-pop
7mFCX07lzCFLpHm72R93oB,indie viet
4RGBKkUyyvsim9vdBKCCkc,v-pop
4RGBKkUyyvsim9vdBKCCkc,vietnamese hip hop
6RUfMGubOnHT1p3nfeXpBl,v-pop
75Ki5hBCOpDtKGoFyTvLxP,v-pop
4sDsgLXhS6If9HrV2mwuSx,v-pop
